TransactionAmount,PreviousTransactionDate,TransactionType,Location,Channel,CustomerAge,CustomerOccupation,TransactionDuration,LoginAttempts,AccountBalance,TransactionDate,TransactionAmount_bin,CustomerAge_bin,Target
-0.9720805266815915,680,1,36,0,1.424795628631545,0,-0.5501022230886541,-0.20374543196723224,0.0007245709526375667,105,2,1,2
0.2732724545296658,1178,1,15,0,1.3122493062266807,0,0.31062347638048776,-0.20374543196723224,2.2312093099908985,192,0,1,2
-0.5862497811565243,1262,1,23,2,-1.4451355926924947,3,-0.9087379312007966,-0.20374543196723224,-1.0284914121275195,41,1,0,3
-0.3860785895610327,818,1,33,2,-1.0512234642754696,3,-1.3534462092598532,-0.20374543196723224,0.8924464035759979,163,1,0,2
-0.9742813437683655,1939,1,1,2,0.017966598570741225,3,1.1283128908761726,-0.20374543196723224,0.598462081500253,16,2,1,1
-0.7036496176291249,635,1,28,0,-1.5014087538949268,3,0.7553317544395445,-0.20374543196723224,-1.1163699364255943,13,1,0,2
-0.996186351335163,306,1,39,0,-0.43221869104871596,0,0.2819326197315164,-0.20374543196723224,2.1171403181671136,226,2,0,0
-0.43105778877197637,837,1,16,1,1.2559761450242486,2,2.4624377250533427,-0.20374543196723224,-0.5966982309336822,271,1,1,2
-0.6552316417200968,557,1,11,1,0.35560556578533414,1,-0.47837508146622565,-0.20374543196723224,1.0281529056534666,290,1,1,0
1.7853713442113284,610,1,26,0,0.5806982105950628,0,0.009369481566288104,-0.20374543196723224,-1.0544084442589887,9,3,1,0
-0.9593914406656602,516,1,0,2,0.4118787269877663,1,-0.8657016462273395,-0.20374543196723224,0.6423458826966852,22,2,1,0
-0.3670965421876069,234,1,22,2,-1.3325892702876303,3,0.7696771827640301,-0.20374543196723224,-0.9236418363321882,49,1,0,0
0.6800109623790859,1037,1,23,1,-1.1637697866803338,3,-0.11973937335408318,-0.20374543196723224,-0.9001134945315383,135,3,0,2
1.6677651811368424,2173,1,22,0,-1.0512234642754696,3,0.0524057665397452,-0.20374543196723224,-1.269078444950611,43,3,0,1
-0.4462915695444901,283,1,21,2,-1.5014087538949268,3,0.21020547810908788,-0.20374543196723224,-1.2406411639495842,226,1,0,0
0.580045723765773,2354,1,10,0,-0.4884918522511481,1,0.1384783364866594,-0.20374543196723224,-0.42404699568343546,355,3,0,1
0.8907391984376964,2031,1,2,1,-1.4451355926924947,3,0.5544957578967447,-0.20374543196723224,-1.0261930070683836,72,3,0,1
0.6745433074291318,2367,1,8,2,-0.3196723686438517,1,1.6447483105576577,-0.20374543196723224,0.00014674521386494628,327,3,0,1
-0.9562965416373841,353,1,0,1,0.8057908554047913,2,-0.19146651497651168,-0.20374543196723224,0.7323345027729566,337,2,1,0
-0.774729131978529,1050,1,8,2,-1.5014087538949268,3,0.7122954694660873,-0.20374543196723224,0.37640932516413356,177,2,0,2
-0.8165446566272351,413,1,20,1,1.4810687898339772,2,-1.1669556410415391,-0.20374543196723224,0.1654771347201971,181,2,1,0
-0.7255890129629033,1479,1,19,1,-0.3759455298462838,0,-0.37795708319482574,-0.20374543196723224,1.0413216574232638,110,1,0,3
-0.8410287467175959,1029,1,1,2,-0.3196723686438517,1,0.009369481566288104,-0.20374543196723224,0.9971437841990635,38,2,0,2
0.16873364290790066,802,1,13,2,-1.2763161090851982,3,0.32496890470497347,-0.20374543196723224,-0.9562245010930708,41,0,0,2
-0.5200533297184,436,1,33,2,-1.3325892702876303,3,-0.33492079822136867,-0.20374543196723224,-0.8199040591681561,46,1,0,0
-0.9947764528889482,1979,1,15,2,1.1434298226193842,2,2.247256300186057,-0.20374543196723224,-0.3804185728269074,201,2,1,1
-0.171395760299625,707,1,24,0,-1.2200429478827661,3,0.5544957578967447,-0.20374543196723224,-1.1443145178011498,314,0,0,2
-0.8818814138908382,601,1,25,1,-0.43221869104871596,1,-0.3492662265458544,-0.20374543196723224,-0.6250013738167794,335,2,0,0
-0.5822608001867464,160,1,19,2,-0.038306562631690924,0,1.1139674625516869,-0.20374543196723224,-0.8608935725123429,298,1,0,0
-0.8273768032262008,1753,1,11,1,-0.9949503030730374,3,2.347674298457457,-0.20374543196723224,-0.9693313429622848,127,2,0,3
-0.9231811220348316,1296,1,24,2,0.8057908554047913,0,-1.4251733508822817,-0.20374543196723224,0.8319320553355147,174,2,1,3
-0.8172324119668519,224,1,3,0,-0.8824039806681732,0,1.9746931620208288,-0.20374543196723224,1.216075249714134,35,2,0,0
0.34277013159795106,1783,1,27,0,0.24305924338046983,1,0.6979500411416016,-0.20374543196723224,1.1816404470941497,289,0,1,3
1.9980596829878468,505,1,20,2,-1.2763161090851982,3,0.43973233130085904,-0.20374543196723224,-1.215085272904848,87,3,0,0
-0.14275075040458218,2019,1,37,1,0.017966598570741225,0,-0.9948105011477107,-0.20374543196723224,2.503860512157491,267,0,1,1
-0.5915111095045934,1924,1,39,1,0.24305924338046983,1,-1.0665376427701392,-0.20374543196723224,0.16904469274128017,0,1,1,1
-0.7518612669362679,2190,1,25,1,-1.0512234642754696,3,0.36800518967843054,-0.20374543196723224,-1.0856910011076328,354,2,0,1
1.212196044174624,439,1,38,0,1.7061614346437057,2,0.253241763082545,-0.20374543196723224,-0.06024378322545277,291,3,1,0
1.7143606053958855,1904,1,23,0,1.1997029838218163,0,-0.42099336816828287,-0.20374543196723224,0.723695492062467,293,3,1,1
0.13362373282045922,161,1,28,2,0.5806982105950628,2,1.3865306007169151,-0.20374543196723224,-1.0550507594775351,69,0,1,0
0.1090020916621752,1393,1,35,0,1.03088350021452,2,-0.004975946758197594,-0.20374543196723224,-0.20268814614968134,68,0,1,3
-0.9035457070887698,53,1,30,2,-0.3759455298462838,0,-1.4395187792067674,-0.20374543196723224,2.3487271991929823,321,2,0,0
-0.19034341990606998,735,1,5,2,0.693244532999927,0,-0.04801223173165469,-0.20374543196723224,2.1275386018858313,160,0,1,2
-0.8302997634195726,684,1,40,0,-1.4451355926924947,3,-0.03366680340716899,-0.20374543196723224,-1.2556388373657643,100,2,0,2
0.025921246636456556,1358,1,21,1,-0.9949503030730374,3,-1.2386827826639677,-0.20374543196723224,-1.093945654518671,210,0,0,3
0.47626344301758655,1854,1,6,1,1.6498882734412736,2,-0.42099336816828287,-0.20374543196723224,-0.1125008984757067,288,3,1,3
-0.45488851128970104,2359,1,3,1,-1.0512234642754696,3,-0.6361747930355683,-0.20374543196723224,-0.9286823340713035,250,1,0,1
0.7340685320729724,1869,1,28,2,-1.4451355926924947,3,-0.20581194330099736,-0.20374543196723224,-1.1163647772672127,311,3,0,3
1.1352362216714957,2233,1,10,2,-1.0512234642754696,3,0.2675871914070307,-0.20374543196723224,-1.2495200755248321,61,3,0,1
-0.9448454152327632,578,1,34,2,-0.20712604623898737,1,0.7983680394130015,-0.20374543196723224,-0.9736134444192609,8,2,0,0
0.44211639040560863,284,1,18,2,1.3685224674291128,2,0.0237149098907738,-0.20374543196723224,-0.3100295954434698,44,3,1,0
0.4394341445811029,355,1,29,2,0.35560556578533414,1,2.0751111602922285,-0.20374543196723224,0.019204676276599508,360,3,1,0
-0.7267581970402519,1033,1,41,1,1.2559761450242486,0,0.36800518967843054,-0.20374543196723224,2.526826505694514,22,1,1,2
-0.43766024003229836,1666,1,36,1,-0.9386771418706054,3,0.32496890470497347,-0.20374543196723224,-1.080978109925768,155,1,0,3
-0.660733684437032,603,1,29,0,0.9746103390120878,2,-0.42099336816828287,-0.20374543196723224,-0.16293167165876846,258,1,1,0
0.06938738410024303,1415,1,23,1,-1.1074966254779017,3,-0.5214113664396828,-0.20374543196723224,-0.9764664590044512,172,0,0,3
-0.8123493490555721,2366,1,8,1,0.693244532999927,2,-0.9661196444987394,-0.20374543196723224,-0.4061472956774373,214,2,1,1
-0.014484379566034877,446,1,9,1,1.3122493062266807,2,-0.837010789578368,-0.20374543196723224,-0.1215062094313112,86,0,1,0
0.30862307898597313,1054,1,16,1,0.1867860821780377,1,-1.3104099242863962,-0.20374543196723224,0.13444995621145694,46,0,1,2
-0.6351491858032842,1833,1,18,1,-1.2200429478827661,3,-0.980465072823225,-0.20374543196723224,-1.0780322304897036,313,1,0,3
0.9344804380373298,1864,1,16,0,0.07423975977317337,1,0.46842318794983046,-0.20374543196723224,0.10073485618574768,360,3,1,3
-0.1127302298303055,885,1,9,1,1.9312540794534343,2,1.544330312286258,-0.20374543196723224,-0.2410310112439538,279,0,1,2
0.18180099436062133,2091,1,19,2,0.1867860821780377,1,1.5299848839617722,-0.20374543196723224,0.39782757118658674,106,0,1,1
1.0475474158703442,984,1,30,1,0.6369713717974949,1,-0.22015737162548307,-0.20374543196723224,0.8638724048778512,98,3,1,2
-1.0006911488096535,2057,1,5,2,0.299332404582902,0,0.0667511948642309,-0.20374543196723224,2.2903358446266506,308,2,1,1
-0.32820397773227256,602,1,26,1,-0.15085288503655522,1,0.9561677509823442,-0.20374543196723224,-0.6511712047089616,317,1,0,0
0.005666851884739621,756,1,16,1,0.6369713717974949,2,1.5156394556372865,-0.20374543196723224,-0.5403318460322457,229,0,1,2
0.7712760959462451,721,1,0,1,-1.1074966254779017,3,0.12413290816217369,-0.20374543196723224,-0.8146262401434735,346,3,0,2
-0.6172331592062645,259,1,2,2,0.8620640166072234,1,-1.4825550641802245,-0.20374543196723224,-0.37239608154305465,48,1,1,0
-0.3701914412158829,2123,1,16,3,-0.7135844970608767,1,-0.23450279994996878,-0.20374543196723224,-1.0659830160887789,139,1,0,1
-0.5612842623284316,1300,1,1,0,-0.038306562631690924,1,1.443912314014858,-0.20374543196723224,-0.3258320975672261,235,1,0,3
-0.5280656794249367,92,1,9,2,-0.5447650134535803,1,0.2245509064335736,-0.20374543196723224,0.32642481918110594,183,1,0,0
-0.9353543915460504,1222,1,4,0,0.9746103390120878,2,-0.9230833595252823,-0.20374543196723224,0.19517325036640712,351,2,1,2
-0.21613424514170282,1976,1,17,2,-1.0512234642754696,3,2.304638013484,-0.20374543196723224,0.36842036840976305,142,0,0,1
2.0717612645695405,1849,1,16,1,-1.3888624314900626,3,-1.3677916375843389,-0.20374543196723224,-1.161700881548149,28,3,0,3
-0.22232404319825463,2461,1,43,0,-0.43221869104871596,1,-0.980465072823225,-0.20374543196723224,0.4076944615919684,174,0,0,1
-0.29371304745048626,1075,1,18,2,-1.2763161090851982,3,-0.09104851670511178,-0.20374543196723224,-1.1544213090712898,119,1,0,2
-0.7057816591819372,499,1,25,1,-0.038306562631690924,0,-0.7222473629824825,-0.20374543196723224,2.467792835909636,312,1,0,0
-0.6068824413450304,2391,1,24,1,-1.4451355926924947,3,-0.6074839363865969,-0.20374543196723224,-0.9665711932279689,27,1,0,1
-0.42132605071639756,1298,1,39,2,0.299332404582902,0,-0.7509382196314539,-0.20374543196723224,1.397858195300342,246,1,1,3
-0.3887952231525193,1125,1,10,0,-0.3759455298462838,1,-0.24884822827445446,-0.20374543196723224,-1.175483573165392,208,1,0,2
0.16718619339376273,2485,1,31,3,0.7495176942023591,1,-0.5644476514131398,-0.20374543196723224,0.3463236930600901,113,0,1,1
2.0717612645695405,145,1,11,0,1.03088350021452,2,-0.46402965314173994,-0.20374543196723224,-0.10152220943902575,283,3,1,0
-0.12676043875848972,2076,1,10,2,0.24305924338046983,0,0.7266408977905731,-0.20374543196723224,0.5333173886120156,195,0,1,1
-0.48851974739696624,1204,1,36,2,-0.6010381746560124,0,0.540150329572259,-0.20374543196723224,-0.9249548421403815,199,1,0,2
2.0717612645695405,1825,1,2,2,0.5244250493926306,1,-1.2817190676374248,-0.20374543196723224,0.9144295774412694,30,3,1,3
-0.936076534652648,1977,1,23,1,1.087156661416952,0,-0.7222473629824825,-0.20374543196723224,1.2280161217890393,341,2,1,1
0.9329329885231921,1585,1,42,0,0.1867860821780377,0,-0.062357660056140386,-0.20374543196723224,1.405202257256975,69,3,1,3
-0.9874862462890094,1149,1,36,2,0.7495176942023591,0,0.8557497527109443,-0.20374543196723224,2.0054961307828214,167,2,1,2
0.3307688009216365,2166,1,18,2,-1.1637697866803338,3,-0.2775390849234259,-0.20374543196723224,-1.113798095972218,135,0,0,1
1.4448292878000322,1711,1,25,2,0.8620640166072234,2,-1.224337354339482,-0.20374543196723224,-0.2696643402634928,109,3,1,3
-0.25076272649141246,1834,1,18,0,0.46815188819019843,1,-0.9230833595252823,-0.20374543196723224,-0.5622169958882609,98,0,1,3
-0.22734465717745786,592,1,15,1,-1.3325892702876303,3,0.2245509064335736,-0.20374543196723224,-1.1585795907271004,260,0,0,0
0.4998190633994646,2408,1,20,2,-1.4451355926924947,3,2.0177294469942857,-0.20374543196723224,-0.9631119775329057,118,3,0,1
1.1946238952474129,430,1,35,0,-0.8824039806681732,1,-0.6792110780090255,-0.20374543196723224,-1.0230304429802797,101,3,0,0
0.7287040404239608,1160,1,23,1,0.35560556578533414,1,0.109787479837688,-0.20374543196723224,0.6704349205069337,189,3,1,2
1.9321039459185885,719,1,37,1,-0.9949503030730374,3,0.9418223226578585,-0.20374543196723224,-0.8348656184756629,263,3,0,2
-0.9333255132941805,1293,1,21,0,0.693244532999927,1,-0.5931385080621112,-0.20374543196723224,-1.2661506225688832,281,2,1,3
-0.5129006741863845,1622,1,5,1,1.4810687898339772,2,0.1958600497846022,-0.20374543196723224,-0.7722231174026465,59,1,1,3
-0.6250047945439353,1680,1,35,1,-0.43221869104871596,0,0.7983680394130015,-0.20374543196723224,0.6537321452455359,135,1,0,3
0.29779093238700743,162,1,13,1,-0.8261308194657411,1,-1.3677916375843389,-0.20374543196723224,0.9783128561051325,283,0,0,0
-0.6816758345283657,1469,1,12,2,-1.3888624314900626,3,0.6836046128171159,-0.20374543196723224,1.1025195941493484,219,1,0,3
-0.7342891180090567,1942,1,13,1,0.5806982105950628,0,0.6405683278436588,-0.20374543196723224,-1.0132822132176815,268,1,1,1
-0.34598245326136884,377,1,41,1,-0.9949503030730374,1,0.38235061800291625,-0.20374543196723224,1.1116590432228823,129,1,0,0
-0.5736982462085163,9,1,19,0,-0.7135844970608767,1,1.6590937388821434,-0.20374543196723224,0.7340241271430286,12,1,0,0
0.034827678284495005,2265,1,7,2,0.07423975977317337,1,-0.980465072823225,-0.20374543196723224,1.1114578360459881,264,0,1,1
-0.6251423456118586,2052,1,39,2,0.8057908554047913,2,-0.5644476514131398,-0.20374543196723224,0.2670583836805955,181,1,1,1
1.5812111716460588,457,1,34,1,-0.9949503030730374,3,-1.4682096358557388,-0.20374543196723224,-1.2095004839564425,316,3,0,0
0.7117852590693856,2245,1,20,2,-1.2763161090851982,3,-1.2099919260149963,-0.20374543196723224,-1.202491767294633,179,3,0,1
-0.5286846592305918,1384,1,35,0,1.03088350021452,2,0.39669604632740196,-0.20374543196723224,0.7408677507366174,258,1,1,3
2.0717612645695405,2195,1,8,0,0.46815188819019843,2,-0.6648656496845398,-0.20374543196723224,-0.8459732864718912,72,3,1,1
-0.17617565990996234,555,1,27,0,-1.1074966254779017,3,0.87009518103543,-0.20374543196723224,-1.0639064548400645,243,0,0,0
-0.14581126166587724,732,1,9,2,0.35560556578533414,1,0.7840226110885158,-0.20374543196723224,0.9647262125064017,33,0,1,2
-0.2854599833750838,429,1,9,0,1.8749809182510022,2,2.3333288701329713,-0.20374543196723224,-0.4077492143550169,193,0,1,0
0.10690443787634368,267,1,14,2,-0.26339920744141954,1,-0.22015737162548307,-0.20374543196723224,-1.1941494081911024,7,0,0,0
-1.0119359486123893,1320,1,36,2,0.13051292097560552,0,-0.17712108665202597,-0.20374543196723224,1.8149580934225313,210,2,1,3
0.011375221203559577,1875,1,2,2,1.3122493062266807,0,-1.037846786121168,-0.20374543196723224,2.176480957875715,354,0,1,3
-0.8245913941007526,2478,1,28,0,-0.09457972383412307,1,0.038060338215259504,-0.20374543196723224,0.149349605618381,79,2,0,1
0.38128443061649603,1236,1,4,2,-1.0512234642754696,1,-0.8226653612538825,-0.20374543196723224,0.8350714032109002,360,0,0,2
-0.622219385418487,928,1,14,1,-0.3196723686438517,1,0.6836046128171159,-0.20374543196723224,0.35382510934737105,219,1,0,2
-0.8363176226412202,1508,1,15,0,1.3685224674291128,2,0.0237149098907738,-0.20374543196723224,-0.8920368320846755,140,2,1,3
-0.8027207743009358,2155,1,11,2,0.07423975977317337,0,0.6549137561681445,-0.20374543196723224,1.5646537857871334,230,2,1,1
0.07255105866248072,2485,1,11,2,-0.9949503030730374,3,-0.40664793984379716,-0.20374543196723224,-1.2804776053954166,308,0,0,1
0.11993740156208334,1568,1,32,2,-0.20712604623898737,1,-0.837010789578368,-0.20374543196723224,-0.2416630081457366,276,0,0,3
-1.003201455799255,2231,1,42,0,0.6369713717974949,2,-1.123919356068082,-0.20374543196723224,0.11581249655684717,264,2,1,1
-0.282777737550578,1414,1,11,2,1.424795628631545,0,1.831238878775972,-0.20374543196723224,1.5586149909011207,332,0,1,3
1.0386409842223054,1633,1,30,1,0.693244532999927,0,0.5544957578967447,-0.20374543196723224,-0.9528658889864545,230,3,1,3
1.8724411702068244,1452,1,40,2,-1.0512234642754696,3,-0.5644476514131398,-0.20374543196723224,-1.0333178047937859,215,3,0,3
-0.8893435593256814,1661,1,23,2,-1.0512234642754696,3,-0.1627756583275403,-0.20374543196723224,-1.2396738217529781,79,2,0,3
2.0717612645695405,1265,1,35,1,0.7495176942023591,0,0.3536597613539449,-0.20374543196723224,0.11148138309524305,181,3,1,3
-0.5916486605725167,1208,1,28,1,-0.6573113358584446,1,-0.20581194330099736,-0.20374543196723224,0.30965239528155275,62,1,0,2
0.019525121978019568,1795,1,35,1,1.8749809182510022,2,-1.1382647843925677,-0.20374543196723224,0.006244870421269295,331,0,1,3
-0.30512978608812646,2179,1,21,2,0.13051292097560552,1,2.2042200152126,-0.20374543196723224,1.0926011121601475,142,1,1,1
-1.0006911488096535,2159,1,20,1,-1.2200429478827661,3,1.9316568770473717,-0.20374543196723224,-1.0296212678131553,269,2,0,1
0.29077582792291523,1530,1,0,0,0.6369713717974949,0,-0.6361747930355683,-0.20374543196723224,1.7350117751366259,189,0,1,3
-0.9649622589165566,1932,1,25,0,0.299332404582902,0,0.0667511948642309,-0.20374543196723224,2.3968853631088174,335,2,1,1
0.6509876870472537,1130,1,28,2,-1.5014087538949268,3,-0.7365927913069682,-0.20374543196723224,-0.8669220490815918,40,3,0,2
0.13623720311100332,101,1,35,1,-1.3325892702876303,3,-1.4538642075312531,-0.20374543196723224,-1.0599339028860024,214,0,0,0
2.0717612645695405,2193,1,39,2,1.3685224674291128,0,-0.019321375082683293,-0.20374543196723224,0.438695844308799,122,3,1,1
-0.21389904028794796,1617,1,6,2,-1.2200429478827661,3,0.009369481566288104,-0.20374543196723224,-1.2499147511410473,144,0,0,3
-0.999900230169094,1997,1,6,2,-0.8261308194657411,0,1.8168934504514862,-0.20374543196723224,0.08599256110947168,200,2,0,1
2.0717612645695405,1989,1,11,0,1.9875272406558664,2,-1.410827922557796,-0.20374543196723224,-0.7923309371960975,251,3,1,1
-0.23944915115471488,1210,1,5,0,-1.5014087538949268,3,2.5054740100268,-0.20374543196723224,-1.2298043517684056,310,0,0,2
-0.21675322494735794,2002,1,28,2,1.1997029838218163,2,-1.4682096358557388,-0.20374543196723224,-1.0428751456962537,293,0,1,1
-0.29371304745048626,1790,1,17,1,1.3685224674291128,2,0.6692591844926302,-0.20374543196723224,0.24984743131858067,58,1,1,3
-0.8628649787504317,316,1,20,0,-1.3888624314900626,3,-0.39230251151931145,-0.20374543196723224,-0.8900196011573531,61,2,0,0
2.0717612645695405,1606,1,34,1,1.8187077570485701,2,2.5341648666757712,-0.20374543196723224,-0.7912036610896525,320,3,1,3
-0.29371304745048626,694,1,27,2,-0.20712604623898737,0,0.32496890470497347,-0.20374543196723224,-1.2091702978200007,218,1,0,2
0.40827882769645846,1372,1,22,0,1.1997029838218163,0,0.31062347638048776,-0.20374543196723224,1.2908882054100501,240,3,1,3
-0.10664359507469623,240,1,30,2,0.5244250493926306,2,-0.39230251151931145,-0.20374543196723224,-0.17108572148135956,354,0,1,0
-0.7818817875105445,1344,1,41,2,1.9875272406558664,2,-0.09104851670511178,-0.20374543196723224,0.3465326389745571,161,2,1,3
0.12433903573563145,2170,1,0,1,-0.5447650134535803,1,2.491128581702314,-0.20374543196723224,-0.5987722126032056,111,0,0,1
-0.0992846129407957,1874,1,35,2,-1.3888624314900626,3,0.5831866145457161,-0.20374543196723224,-1.1642262895760886,131,0,0,3
0.6852035151931932,2065,1,37,1,0.9183371778096556,0,2.0894565886167142,-0.20374543196723224,2.0108487576040415,198,3,1,1
0.2733412300636275,308,1,40,0,-0.43221869104871596,1,1.8025480221270005,-0.20374543196723224,1.0197073633822982,215,0,0,0
-0.7350456488826353,1641,1,39,2,-0.4884918522511481,1,0.7409863261150588,-0.20374543196723224,1.0060768669373212,277,2,0,3
-0.6998325754942513,1364,1,27,2,-1.3888624314900626,3,-0.6792110780090255,-0.20374543196723224,-1.0207913682425356,340,1,0,3
1.742077145582446,703,1,22,1,1.3122493062266807,0,0.1384783364866594,-0.20374543196723224,1.8209169213536247,137,3,1,2
-0.897562235634103,1749,1,5,1,-1.2200429478827661,3,0.038060338215259504,-0.20374543196723224,-1.160176350246298,316,2,0,3
-0.9224245911612531,989,1,42,2,0.9746103390120878,0,-0.29188451324791154,-0.20374543196723224,0.9186213936265623,7,2,1,2
-0.5407203776738871,1876,1,21,2,0.46815188819019843,0,0.8270588960619729,-0.20374543196723224,1.287070428207445,68,1,1,3
0.0371316586722116,52,1,11,1,-0.6573113358584446,0,2.3763651551064284,-0.20374543196723224,0.05116308287327209,10,0,0,0
-0.8119710836187828,964,1,40,1,0.6369713717974949,2,-0.9517742161742537,-0.20374543196723224,-1.047856313113977,179,2,1,2
-0.7631060667390037,1497,1,26,1,1.424795628631545,0,0.08109662318871659,-0.20374543196723224,0.4674400952335485,76,2,1,3
-0.29371304745048626,2218,1,18,1,0.35560556578533414,2,0.253241763082545,-0.20374543196723224,-0.9374038913159035,178,1,1,1
-0.22304618630485237,204,1,22,0,-0.6010381746560124,1,0.6549137561681445,-0.20374543196723224,-1.288923147666585,351,0,0,0
-0.5865248832923711,297,1,3,1,1.7061614346437057,2,2.1324928735901714,-0.20374543196723224,0.1445232129521146,139,1,1,0
0.7204509763485581,798,1,6,2,0.46815188819019843,2,0.6118774711946875,-0.20374543196723224,-0.9800985065053079,166,3,1,2
0.02605879770438,2295,1,15,1,-0.7698576582633089,1,-1.1956464976905106,-0.20374543196723224,-0.27144940906362985,142,0,0,1
-0.05131367800251849,890,1,11,0,-1.2763161090851982,3,-0.14843023000305458,-0.20374543196723224,-0.9088943820975303,75,0,0,2
1.654422727548275,544,1,15,1,-0.7698576582633089,1,-1.4682096358557388,-0.20374543196723224,0.4426941920547706,172,3,0,0
-0.6106994834799042,1571,1,20,1,0.6369713717974949,2,-0.33492079822136867,-0.20374543196723224,0.10501437806353285,71,1,1,3
-0.4112160472240295,876,1,6,2,1.7624345958461378,2,-1.0952284994191106,-0.20374543196723224,0.06033606647628844,7,1,1,2
-0.12342482536134797,970,1,10,1,-1.2763161090851982,3,-1.1956464976905106,-0.20374543196723224,-1.085061583785041,29,0,0,2
-0.4377634033332409,560,1,6,2,-1.1637697866803338,3,-1.4395187792067674,-0.20374543196723224,-0.8520972074712053,74,1,0,0
-0.7687112727568813,905,1,32,1,-1.0512234642754696,3,-1.511245920829196,-0.20374543196723224,-1.114806711435879,288,2,0,2
2.0717612645695405,270,1,12,0,-0.8824039806681732,1,-0.19146651497651168,-0.20374543196723224,-0.6912552857571252,281,3,0,0
1.7049383572431347,916,1,3,0,-1.4451355926924947,3,0.6405683278436588,-0.20374543196723224,-1.1192874404905584,255,3,0,2
-0.20533648630971782,2381,1,31,2,1.4810687898339772,2,-1.0521922144456535,-0.20374543196723224,-1.012905594655803,87,0,1,1
-0.903029890584057,2189,1,30,2,0.5244250493926306,1,-0.937428787849768,-0.20374543196723224,-1.1305911565052988,6,2,1,1
1.52502156039936,1310,1,30,2,-0.20712604623898737,0,0.0524057665397452,-0.20374543196723224,2.4131702465412816,124,3,0,3
0.5390898932915882,723,1,0,0,0.7495176942023591,0,-0.5357567947641685,-0.20374543196723224,1.7894279981697043,342,3,1,2
0.012716344115812633,2116,1,17,1,1.5936151122388413,2,-0.2775390849234259,-0.20374543196723224,0.7161528025081308,97,0,1,1
-0.6390693912391003,656,1,41,1,-1.4451355926924947,3,1.1713491758496297,-0.20374543196723224,-0.8143863392787153,269,1,0,2
-0.32696601812096227,22,1,19,0,0.8057908554047913,0,2.577201151649228,-0.20374543196723224,0.5724392866219552,233,1,1,0
0.3522611552846639,181,1,32,0,0.8057908554047913,1,-0.14843023000305458,-0.20374543196723224,-0.4898649587405107,118,0,1,0
2.0717612645695405,1657,1,17,2,1.8749809182510022,2,-0.8943925028763109,-0.20374543196723224,0.15910815369774278,21,3,1,3
1.1471343890468677,434,1,23,0,0.9746103390120878,2,-0.9661196444987394,-0.20374543196723224,-0.9662461662499093,351,3,1,0
-0.9829126732805572,1993,1,30,0,0.8620640166072234,1,1.8025480221270005,-0.20374543196723224,-0.9976293266870004,329,2,1,1
-0.2781010012411832,28,1,20,0,-0.3759455298462838,0,1.6590937388821434,-0.20374543196723224,0.7129644426281172,240,0,0,0
2.0717612645695405,1259,1,42,1,1.9312540794534343,2,0.6549137561681445,-0.20374543196723224,0.145725296855097,27,3,1,3
-0.2420970092122398,1735,1,21,1,0.24305924338046983,0,0.31062347638048776,-0.20374543196723224,1.2203057595872915,213,0,1,3
0.5093444748531583,1683,1,19,1,-0.09457972383412307,0,-0.2631936565989402,-0.20374543196723224,1.3462382361102523,326,3,0,3
-0.055715312176066595,174,1,41,2,-1.1074966254779017,3,-1.3677916375843389,-0.20374543196723224,-1.2423669024283295,241,0,0,0
0.6594470777245415,1211,1,17,1,0.4118787269877663,1,0.1815146214601165,-0.20374543196723224,0.6132250132100568,63,3,1,2
-1.0091849272539217,577,1,20,1,0.299332404582902,0,0.16716919313563078,-0.20374543196723224,1.6189358707022827,228,2,1,0
-0.33487520452655634,1526,1,7,1,1.3685224674291128,2,0.6549137561681445,-0.20374543196723224,0.5559996284380342,163,1,1,3
-0.9505193967846023,1338,1,40,1,0.9746103390120878,2,-0.6361747930355683,-0.20374543196723224,-0.6054068902823275,291,2,1,3
-0.6297503063872917,2005,1,11,2,0.017966598570741225,2,-1.2530282109884534,-0.20374543196723224,0.4038663660725994,92,1,1,1
0.675162287234787,1380,1,7,1,0.46815188819019843,2,1.673439167206629,-0.20374543196723224,0.5993881504298039,98,3,1,3
0.0365814544005182,1073,1,20,0,-1.4451355926924947,3,-1.511245920829196,-0.20374543196723224,-1.0453489621403742,205,0,0,2
-0.9820873668730169,2267,1,1,2,-0.09457972383412307,0,0.5975320428702018,-0.20374543196723224,0.21861646605375576,237,2,0,1
0.05862401303523895,2147,1,40,1,0.8057908554047913,1,0.45407775962534475,-0.20374543196723224,0.5551741630969305,139,0,1,1
-0.8451552787552971,177,1,39,1,1.087156661416952,2,-0.17712108665202597,-0.20374543196723224,-0.04288321527036293,120,2,1,0
-0.5357341514616648,954,1,22,1,0.8620640166072234,1,-0.2775390849234259,-0.20374543196723224,0.7785373456620521,349,1,1,2
-0.0300276502413762,1558,1,10,0,1.3122493062266807,2,-0.8083199329293967,-0.20374543196723224,-0.8670948808873854,217,0,1,3
1.7323797952938478,805,1,28,0,-0.7698576582633089,1,-0.1627756583275403,-0.20374543196723224,1.173919766575638,26,3,0,2
0.6491307476302883,238,1,15,0,0.07423975977317337,1,0.3393143330294592,-0.20374543196723224,0.3255709784689018,322,3,1,0
0.7715855858490729,327,1,18,0,0.5244250493926306,0,1.3578397440679437,-0.20374543196723224,1.1177494296927137,68,3,1,0
0.08603106331897153,1435,1,33,0,1.03088350021452,2,-0.10539394502959748,-0.20374543196723224,0.21921234884686494,218,0,1,3
0.028053288189268884,375,1,32,0,1.1434298226193842,0,0.5544957578967447,-0.20374543196723224,2.1724748713921698,112,0,1,0
0.4652937453506974,1377,1,12,0,-0.26339920744141954,0,0.36800518967843054,-0.20374543196723224,1.6486655208779752,322,3,0,3
1.3666658934525746,2320,1,25,0,0.9183371778096556,2,-0.6792110780090255,-0.20374543196723224,-0.9596114885707874,60,3,1,1
-0.6186774454194599,552,1,21,0,0.5806982105950628,1,0.7409863261150588,-0.20374543196723224,0.41199977926166315,351,1,1,0
-0.29371304745048626,448,1,11,3,0.693244532999927,0,0.4253869029763734,-0.20374543196723224,0.5329123946790366,266,1,1,0
-0.7630372912050422,950,1,1,0,-1.1074966254779017,3,1.1856946041741154,-0.20374543196723224,-1.2094953247980604,83,2,0,2
-0.29371304745048626,915,1,30,1,1.7061614346437057,2,-0.29188451324791154,-0.20374543196723224,0.5711520766056712,205,1,1,2
-0.5573296691256348,1524,1,13,0,0.299332404582902,0,-0.19146651497651168,-0.20374543196723224,0.8477655124095628,283,1,1,3
2.0408036773450355,1243,1,19,2,-0.6573113358584446,1,0.5975320428702018,-0.20374543196723224,0.008133122389044452,69,3,0,2
0.22179396735934262,41,1,29,0,1.03088350021452,0,0.87009518103543,-0.20374543196723224,0.7316122205994907,224,0,1,0
-0.5681274279576196,1968,1,5,1,-0.038306562631690924,0,-1.1095739277435963,-0.20374543196723224,0.197115673497192,49,1,0,1
0.6490275843293457,2251,1,25,2,1.7624345958461378,2,-1.1813010693660249,-0.20374543196723224,-0.5249317582622776,99,3,1,1
0.8634696992218874,1256,1,8,0,1.087156661416952,2,0.16716919313563078,-0.20374543196723224,0.2699165574241674,248,3,1,3
0.5520196936763855,1172,1,41,2,-0.9386771418706054,1,-1.4969004925047102,-0.20374543196723224,0.827758296204559,90,3,0,2
0.7203134252806349,91,1,6,0,0.7495176942023591,1,-0.793974504604911,-0.20374543196723224,-1.2586569450191751,316,3,1,0
0.6527414631632767,2395,1,16,1,0.693244532999927,2,-0.004975946758197594,-0.20374543196723224,-0.6696177755034411,219,3,1,1
-0.4576739204151494,1817,1,36,1,-0.20712604623898737,0,2.4767831533778284,-0.20374543196723224,1.2847978189402183,277,1,0,3
0.9796315760831776,61,1,4,0,-1.2763161090851982,3,0.8127134677374872,-0.20374543196723224,-1.1941416694535296,196,3,0,0
-0.8416821142902319,2090,1,23,0,0.1867860821780377,0,-0.49272050979071136,-0.20374543196723224,-1.0288706102685892,303,2,1,1
1.1467217358430977,2262,1,4,0,-1.3325892702876303,3,-0.8226653612538825,-0.20374543196723224,-1.2223571066441343,328,3,0,1
0.7804920174971115,2060,1,28,0,-0.09457972383412307,0,0.5688411862212304,-0.20374543196723224,2.1640473861753384,29,3,0,1
1.4058679478107363,346,1,31,1,-0.26339920744141954,0,0.0667511948642309,-0.20374543196723224,2.500979122201201,161,3,0,0
-0.27259895852424826,2000,1,10,1,0.07423975977317337,1,-1.2099919260149963,-0.20374543196723224,-0.5293299407828462,35,0,1,1
-0.7059535980168414,148,1,13,0,0.35560556578533414,0,0.31062347638048776,-0.20374543196723224,2.5365979516698305,174,1,1,0
-1.0024793126926572,2132,1,38,0,-0.3196723686438517,0,-1.0091559294721966,-0.20374543196723224,2.330370913670186,358,2,0,1
-0.8347357853601014,1747,1,25,0,0.6369713717974949,2,0.5975320428702018,-0.20374543196723224,0.41967144777554677,73,2,1,3
1.512917066422103,2220,1,22,1,0.1867860821780377,1,-1.5686276341271388,-0.20374543196723224,-0.4633778396078417,270,3,1,1
0.2480662213327074,489,1,41,1,0.5244250493926306,0,-1.511245920829196,-0.20374543196723224,-1.1039802175714644,245,0,1,0
-0.9068469327189308,111,1,13,2,0.46815188819019843,2,0.7266408977905731,-0.20374543196723224,-0.9205308638279033,20,2,1,0
-0.7918542399349892,809,1,21,2,-0.7135844970608767,1,0.3536597613539449,-0.20374543196723224,0.44132185592518536,103,2,0,2
-0.41159431266081875,42,1,19,3,-0.5447650134535803,0,-0.49272050979071136,-0.20374543196723224,2.1580085912893257,357,1,0,0
1.003324747532979,241,1,32,1,-0.7135844970608767,1,0.1528237648111451,-0.20374543196723224,-1.1337124473263476,253,3,0,0
-0.4239051332399608,1991,1,26,0,-1.3325892702876303,3,2.3333288701329713,-0.20374543196723224,-0.9808826985793566,328,1,0,1
-0.7511735115966511,1378,1,22,2,0.6369713717974949,1,0.9992040359558013,-0.20374543196723224,0.553559346523396,115,2,1,3
-0.8807122298134896,2473,1,21,1,0.8057908554047913,2,0.5258049012477732,-0.20374543196723224,-1.0203683172552198,304,2,1,1
-0.6862150197698371,344,1,1,1,1.8187077570485701,2,-0.9230833595252823,-0.20374543196723224,0.39682411488130737,293,1,1,0
-0.9033737682538656,2082,1,30,1,-1.2763161090851982,3,-0.5501022230886541,-0.20374543196723224,0.9287436623718479,58,2,0,1
0.6715515717017984,1965,1,14,2,-1.2200429478827661,3,-0.650520221360054,-0.20374543196723224,-1.0967083838321778,213,3,0,1
1.8749514771964262,1696,1,41,2,0.46815188819019843,0,0.9418223226578585,-0.20374543196723224,-1.1865938207408113,130,3,1,3
-0.7676108642134943,50,1,1,0,0.35560556578533414,1,0.5544957578967447,-0.20374543196723224,-0.5926173366536002,297,2,1,0
1.594759951836511,1642,1,31,2,0.693244532999927,1,-0.019321375082683293,-0.20374543196723224,0.2761462411703103,192,3,1,3
-0.08147174964471861,180,1,15,1,0.017966598570741225,1,0.21020547810908788,-0.20374543196723224,0.3869107920504888,94,0,1,0
0.25762602055338185,2414,1,37,1,1.2559761450242486,2,0.3393143330294592,-0.20374543196723224,-0.41920254596283235,216,0,1,1
-0.26757834454504503,1605,1,39,0,-1.5014087538949268,3,-1.5255913491536817,-0.20374543196723224,-1.1234560404631326,252,0,0,3
-0.2385894569801938,2429,1,1,2,-1.5014087538949268,3,-0.7796290762804253,-0.20374543196723224,-1.1242608691707088,312,0,0,1
-0.20213842398049933,831,1,18,1,-0.3196723686438517,0,-0.47837508146622565,-0.20374543196723224,0.8772346250869691,312,0,0,2
-0.3788571584950555,1219,1,43,2,0.7495176942023591,0,-1.5255913491536817,-0.20374543196723224,-0.9288242109268056,1,1,1,2
0.15260578019388493,288,1,38,2,-1.5014087538949268,3,0.4110414746518877,-0.20374543196723224,-1.1860985415361491,226,0,0,0
0.4738906870959083,1656,1,22,0,0.8057908554047913,0,1.3721851723924294,-0.20374543196723224,1.9447238246232432,112,3,1,3
0.05539156293903964,963,1,32,1,0.5244250493926306,1,-1.080883071094625,-0.20374543196723224,-1.257852116311599,60,0,1,2
-0.7621088214965593,1738,1,4,0,-1.2200429478827661,3,0.4971140445988019,-0.20374543196723224,-1.0360831136864839,276,2,0,3
-0.9404093932922343,1500,1,20,0,0.8057908554047913,1,0.5975320428702018,-0.20374543196723224,0.41318380611030875,103,2,1,3
-0.8576036504023625,253,1,39,2,-1.1074966254779017,3,-0.837010789578368,-0.20374543196723224,-1.1995123533290861,42,2,0,0
0.742906188187049,1309,1,34,1,1.9312540794534343,2,-1.2817190676374248,-0.20374543196723224,0.48623490921880635,334,3,1,3
0.6581059548122884,1376,1,21,1,-0.09457972383412307,1,0.6979500411416016,-0.20374543196723224,0.5060331795093433,289,3,0,3
-0.9764477730881586,647,1,13,0,-0.038306562631690924,1,0.5258049012477732,-0.20374543196723224,1.0152679075946744,122,2,0,2
-0.7904787292557555,709,1,5,2,1.9312540794534343,2,0.1384783364866594,-0.20374543196723224,0.0333562477181481,255,2,1,2
0.8223419299127982,1237,1,19,2,-0.09457972383412307,1,-1.3964824942333103,-0.20374543196723224,1.16925072824002,265,3,0,2
-0.08958726265219759,1213,1,42,2,-1.0512234642754696,1,-0.9517742161742537,-0.20374543196723224,0.2978276042702404,281,0,0,2
-0.683601549479293,223,1,10,1,1.5373419510364092,2,-1.4538642075312531,-0.20374543196723224,0.6064407199378598,140,1,1,0
-0.34625755539721553,1567,1,37,2,0.9183371778096556,2,-0.30622994157239725,-0.20374543196723224,-0.22586308560117122,8,1,1,3
-0.1567809593327664,995,1,38,0,-0.15085288503655522,1,1.8168934504514862,-0.20374543196723224,0.8240462817487824,92,0,0,2
-0.8674385517588837,598,1,12,2,-0.9386771418706054,3,1.2287308891475726,-0.20374543196723224,-1.2369394678105718,245,2,0,0
-0.40543890237124774,941,1,3,2,-0.5447650134535803,0,0.87009518103543,-0.20374543196723224,0.03400630167426724,233,1,0,2
2.0717612645695405,2398,1,18,0,0.5244250493926306,1,0.7840226110885158,-0.20374543196723224,-1.2345120837918884,320,3,1,1
0.30917328325766674,2045,1,27,1,0.07423975977317337,0,0.12413290816217369,-0.20374543196723224,0.45237019360002206,5,0,1,1
-0.4457757530397775,754,1,10,2,1.7624345958461378,2,-1.4251733508822817,-0.20374543196723224,-0.3177193210116901,3,1,1,2
0.1666016013550885,1648,1,14,1,1.3685224674291128,2,1.917311448722886,-0.20374543196723224,-0.27416312637250867,73,0,1,3
-0.7631404545059847,2435,1,33,0,1.5373419510364092,2,-0.03366680340716899,-0.20374543196723224,-0.6964015462430693,325,2,1,1
1.2893965810466186,1918,1,42,1,0.7495176942023591,1,-0.937428787849768,-0.20374543196723224,0.02643523674883075,340,3,1,1
-0.14350728127816076,2200,1,39,0,0.017966598570741225,1,0.46842318794983046,-0.20374543196723224,0.28593574419996337,314,0,1,1
-0.8631400808862784,261,1,30,2,-1.1074966254779017,3,-0.14843023000305458,-0.20374543196723224,0.22409291267614131,98,2,0,0
0.11319739923383804,60,1,35,2,-1.0512234642754696,3,-0.7652836479559396,-0.20374543196723224,-0.8867925475894753,206,0,0,0
0.22444182541686772,1249,1,30,1,0.7495176942023591,0,1.1283128908761726,-0.20374543196723224,0.8544801570436038,144,0,1,3
-0.9795426721164344,1879,1,36,3,0.46815188819019843,0,-0.9661196444987394,-0.20374543196723224,2.451244835399695,298,2,1,1
-0.8574660993344391,2394,1,36,0,1.087156661416952,0,-1.3104099242863962,-0.20374543196723224,0.8110503617847793,153,2,1,1
-0.8967713169935435,130,1,24,1,1.03088350021452,2,0.1384783364866594,-0.20374543196723224,-0.1598335970504381,174,2,1,0
-0.5006242413742233,815,1,27,1,-0.43221869104871596,0,-0.33492079822136867,-0.20374543196723224,1.7526741538570567,292,1,0,2
-0.18621688786836868,1251,1,37,2,-1.2763161090851982,3,1.6447483105576577,-0.20374543196723224,-1.1934116485424908,46,0,0,3
-0.8529956896269294,1828,1,41,1,-1.3325892702876303,3,-1.4682096358557388,-0.20374543196723224,-1.1074961840087283,64,2,0,3
-0.8710836550588532,1323,1,4,0,-1.1074966254779017,3,-0.5644476514131398,-0.20374543196723224,-1.1688953279117071,261,2,0,3
2.0717612645695405,1325,1,29,2,-1.1074966254779017,3,0.0954420515132023,-0.20374543196723224,-1.1948871678397137,358,3,0,3
0.5055618204852655,1882,1,19,0,0.46815188819019843,2,-0.46402965314173994,-0.20374543196723224,-0.5096090578680378,292,3,1,1
0.23510203318092918,2280,1,9,2,1.3122493062266807,2,-0.8943925028763109,-0.20374543196723224,0.20241670873459316,62,0,1,1
1.5840309685384877,817,1,20,0,-1.2763161090851982,3,-1.1813010693660249,-0.20374543196723224,1.1409527445153043,160,3,0,2
-0.9499004169789471,1541,1,13,1,0.35560556578533414,1,-0.6792110780090255,-0.20374543196723224,0.05613909113261357,65,2,1,3
0.6141240008437894,1829,1,31,0,-0.6010381746560124,1,-0.20581194330099736,-0.20374543196723224,-0.8019398696823842,36,3,0,3
-0.901069787866149,1163,1,37,0,0.6369713717974949,2,-1.3677916375843389,-0.20374543196723224,0.4432152670513423,279,2,1,2
1.3506411940395011,456,1,28,1,-0.9949503030730374,3,-0.37795708319482574,-0.20374543196723224,-0.8965691527231737,150,3,0,0
-0.2943320272561415,1914,1,42,0,1.5936151122388413,2,-0.42099336816828287,-0.20374543196723224,-0.26833585698015383,326,1,1,1
-0.29371304745048626,2186,1,13,1,0.35560556578533414,1,2.390710583430914,-0.20374543196723224,0.7310705089693915,286,1,1,1
1.5393268714633908,1383,1,15,2,-0.3196723686438517,1,-0.17712108665202597,-0.20374543196723224,0.9629746782357468,303,3,0,3
-0.809288837794277,1192,1,31,2,-1.1637697866803338,3,0.7266408977905731,-0.20374543196723224,-0.8323350512893415,115,2,0,2
-0.4447441200303522,1778,1,23,1,-0.43221869104871596,0,-0.5357567947641685,-0.20374543196723224,1.9133535620821067,265,1,0,3
0.22244733493197863,659,1,26,2,-1.3325892702876303,3,-0.5214113664396828,-0.20374543196723224,-0.09584713521893695,258,0,0,2
0.2822476617116661,1106,1,41,1,1.8749809182510022,2,0.0954420515132023,-0.20374543196723224,-0.7245705510082373,164,0,1,2
-0.19140944068247603,1105,1,8,1,-0.8261308194657411,0,-0.9230833595252823,-0.20374543196723224,1.876811243263117,265,0,0,2
-0.5668550805793284,1689,1,13,1,-0.7698576582633089,1,-1.5255913491536817,-0.20374543196723224,-0.1450603470238705,27,1,0,3
-0.9507944989204492,1313,1,28,2,-0.4884918522511481,1,1.343494315743458,-0.20374543196723224,-0.7897565171635299,219,2,0,3
0.4095855628417305,771,1,36,1,1.424795628631545,0,0.7266408977905731,-0.20374543196723224,1.2637174977917796,98,3,1,2
-0.8486284432203622,262,1,29,0,0.9746103390120878,2,-0.10539394502959748,-0.20374543196723224,-0.7248001335562319,112,2,1,0
2.0717612645695405,1812,1,10,2,-0.9949503030730374,3,0.48276861627431616,-0.20374543196723224,-1.2550893869980921,257,3,0,3
-0.6743856279284269,2485,1,9,1,0.299332404582902,0,0.3536597613539449,-0.20374543196723224,2.4154996065507084,330,1,1,1
0.6491307476302883,2330,1,21,2,-1.4451355926924947,3,0.4110414746518877,-0.20374543196723224,-0.9224784461170701,285,3,0,1
0.08383024623219738,268,1,20,1,0.07423975977317337,0,0.8557497527109443,-0.20374543196723224,0.48899763853231326,10,0,1,0
1.425468974989817,1176,1,38,1,-1.3325892702876303,3,-0.980465072823225,-0.20374543196723224,-1.0715574867204207,189,3,0,2
-0.9784766513400283,1897,1,15,0,-0.15085288503655522,1,0.2819326197315164,-0.20374543196723224,0.7056384377258208,66,2,0,1
0.18627140406813106,2034,1,7,0,-1.3888624314900626,3,-0.793974504604911,-0.20374543196723224,-1.260857326069055,252,0,0,1
0.01746185595916906,720,1,8,2,0.5244250493926306,1,-1.3534462092598532,-0.20374543196723224,0.38094938454020444,222,0,1,2
-0.9196391820358047,480,1,21,2,1.1434298226193842,2,-1.2817190676374248,-0.20374543196723224,-0.3004129242196102,318,2,1,0
-0.22373394164446922,747,1,33,1,-0.9949503030730374,3,0.4110414746518877,-0.20374543196723224,-1.027039109043015,39,0,0,2
-0.40351318742032044,1478,1,28,0,0.7495176942023591,2,1.7882025938025148,-0.20374543196723224,-0.6404504735913757,217,1,1,3
-0.8942953977709229,188,1,17,1,0.1867860821780377,0,-0.9230833595252823,-0.20374543196723224,0.3482377408197746,320,2,1,0
-0.5455690528181861,683,1,20,1,0.46815188819019843,0,2.3189834418084856,-0.20374543196723224,-0.8924598830719913,299,1,1,2
-0.2184726132964001,711,1,21,0,-0.6573113358584446,1,-0.6792110780090255,-0.20374543196723224,0.4720188482974838,76,0,0,2
1.0741635475135172,2198,1,40,0,-0.3196723686438517,1,0.8270588960619729,-0.20374543196723224,1.0123478239505197,309,3,0,1
0.48097456709396214,2442,1,20,1,-0.7698576582633089,0,-0.11973937335408318,-0.20374543196723224,2.387601457600591,120,3,0,1
1.972681510955984,991,1,20,1,-0.8824039806681732,0,-0.9230833595252823,-0.20374543196723224,1.2912803014470744,89,3,0,2
0.19816957144350292,2083,1,6,0,1.6498882734412736,2,0.12413290816217369,-0.20374543196723224,0.5802115587242856,217,0,1,1
-0.9427133736799509,342,1,18,2,0.46815188819019843,1,-0.10539394502959748,-0.20374543196723224,-0.1731854989427925,272,2,1,0
-0.3940221637336076,1115,1,23,1,-1.0512234642754696,3,-0.9517742161742537,-0.20374543196723224,-1.0146261739761664,4,1,0,2
-0.5844616172735204,2032,1,30,1,-1.0512234642754696,1,2.448092296728857,-0.20374543196723224,0.08217994306524821,358,1,0,1
-0.029580609270625245,1671,1,41,2,-0.43221869104871596,1,-0.9948105011477107,-0.20374543196723224,-0.3756618287987966,233,0,0,3
-0.6121093819261189,1835,1,1,1,0.5806982105950628,1,0.0524057665397452,-0.20374543196723224,-0.775055495354309,246,1,1,3
1.2209305369877586,700,1,16,0,-1.3325892702876303,3,0.6692591844926302,-0.20374543196723224,-0.8529716848169371,39,3,0,2
-0.7913384234302765,1950,1,11,0,-0.43221869104871596,1,-1.2386827826639677,-0.20374543196723224,-0.39969060896249076,276,2,0,1
-0.6817102222953466,97,1,10,1,1.3685224674291128,2,0.6692591844926302,-0.20374543196723224,-0.3984420926340712,295,1,1,0
-0.5427148681587761,1001,1,42,2,1.4810687898339772,2,-1.2817190676374248,-0.20374543196723224,0.4239587083909047,134,1,1,2
-0.9039927480595208,2108,1,26,1,-1.0512234642754696,3,0.8270588960619729,-0.20374543196723224,-0.9453257790113093,312,2,0,1
-0.9389994948460197,1723,1,1,1,0.7495176942023591,0,0.6405683278436588,-0.20374543196723224,1.4650691311205295,173,2,1,3
2.0717612645695405,424,1,35,2,0.5806982105950628,1,1.7021300238556005,-0.20374543196723224,-0.7412939629031626,335,3,1,0
-0.9309183696055214,2410,1,36,0,1.1434298226193842,0,2.347674298457457,-0.20374543196723224,2.008003481756424,336,2,1,1
-0.9618329721213,788,1,20,1,-0.9949503030730374,1,-1.080883071094625,-0.20374543196723224,-0.5962055313082107,301,2,0,2
1.399987639657012,1772,1,35,2,0.07423975977317337,1,-0.8226653612538825,-0.20374543196723224,-0.3935744267007496,21,3,1,3
2.0717612645695405,1582,1,15,0,0.13051292097560552,1,0.5114594729232875,-0.20374543196723224,-0.7709333278071717,184,3,1,3
-0.92923336902346,1757,1,15,0,1.8187077570485701,2,1.5586757406107434,-0.20374543196723224,-0.5221122782065697,60,2,1,3
-0.513657205059963,1053,1,38,1,-0.15085288503655522,1,2.0033840186698,-0.20374543196723224,0.4355126435871673,55,1,0,2
-0.3255217319077668,606,1,22,0,-0.9949503030730374,3,-1.4538642075312531,-0.20374543196723224,-1.1254526347569274,218,1,0,0
0.04005461886558339,796,1,26,1,1.7061614346437057,2,-1.1526102127170534,-0.20374543196723224,0.0821360902190023,11,0,1,2
-0.9820873668730169,397,1,24,0,0.46815188819019843,1,0.3536597613539449,-0.20374543196723224,0.6082386866339515,273,2,1,0
-0.009016724616080803,208,1,14,2,-0.3759455298462838,1,0.23889633475805927,-0.20374543196723224,0.32315907192536397,57,0,0,0
-0.9188138756282644,2038,1,7,1,0.5244250493926306,1,-0.10539394502959748,-0.20374543196723224,0.8347154212825494,277,2,1,1
-0.540995479809734,1253,1,4,2,-0.9949503030730374,3,-1.2673736393129391,-0.20374543196723224,-0.9811793501863156,225,1,0,3
0.4671850725346438,1200,1,7,0,-0.8824039806681732,0,0.253241763082545,-0.20374543196723224,2.2026920620349526,241,3,0,2
-0.5685744689283706,206,1,5,2,-0.09457972383412307,0,-0.7796290762804253,-0.20374543196723224,-0.9729917658342422,348,1,0,0
0.7563518050765592,1884,1,23,0,-0.15085288503655522,1,0.12413290816217369,-0.20374543196723224,-0.7980472846832414,311,3,0,1
-0.6016211129969615,246,1,7,2,1.3685224674291128,0,0.0524057665397452,-0.20374543196723224,0.8371092707717507,104,1,1,0
0.267288983074999,1336,1,37,1,-1.0512234642754696,3,0.8414043243864586,-0.20374543196723224,-0.8868312412773396,134,0,0,3
-0.4492489175048427,1658,1,29,0,1.3122493062266807,0,1.544330312286258,-0.20374543196723224,1.731704754613829,344,1,1,3
1.1352362216714957,1886,1,6,0,-1.2200429478827661,3,0.38235061800291625,-0.20374543196723224,-1.166560808743898,306,3,0,1
0.5848600111430913,1291,1,2,1,0.6369713717974949,2,0.6549137561681445,-0.20374543196723224,0.08077407240618081,192,3,1,3
1.69211172015928,893,1,31,2,0.7495176942023591,2,1.6017120255842006,-0.20374543196723224,-0.824348674114162,199,3,1,2
1.9837543719238158,567,1,28,2,-0.43221869104871596,0,-0.8657016462273395,-0.20374543196723224,1.8135548023426546,214,3,0,0
0.7857877336121613,631,1,7,0,1.3685224674291128,2,0.21020547810908788,-0.20374543196723224,-0.10725919355969726,196,3,1,2
-0.6416828615296444,1662,1,33,0,-0.8261308194657411,1,0.253241763082545,-0.20374543196723224,-1.1982664165798576,347,1,0,3
1.1551467387534045,1694,1,10,0,1.9875272406558664,2,-0.6218293647110826,-0.20374543196723224,-0.19234919275235596,183,3,1,3
-0.592921007950808,2328,1,28,0,1.5373419510364092,2,-0.42099336816828287,-0.20374543196723224,-0.4616521011290965,311,1,1,1
-0.8697425321466004,497,1,14,0,0.9746103390120878,2,0.038060338215259504,-0.20374543196723224,-0.19409298828543783,55,2,1,0
-0.04457367567427318,479,1,36,1,-0.9386771418706054,3,-1.2960644959619105,-0.20374543196723224,-0.9260821182468264,262,0,0,0
-0.4409958534294402,1087,1,37,0,1.4810687898339772,2,-0.10539394502959748,-0.20374543196723224,0.2200842466134059,345,1,1,2
-0.26885069192333627,2232,1,10,1,-0.26339920744141954,1,0.0524057665397452,-0.20374543196723224,0.410108947714697,49,0,0,1
-0.5637257937840716,1528,1,28,0,-1.3325892702876303,3,0.3393143330294592,-0.20374543196723224,-1.105780763846747,137,1,0,3
-0.4793726013800618,2142,1,9,1,-0.15085288503655522,0,2.4337468684043713,-0.20374543196723224,2.2841938665729997,247,1,0,1
-0.522701187775925,1290,1,0,2,-1.3888624314900626,3,0.5688411862212304,-0.20374543196723224,-1.0942784202343034,270,1,0,3
1.191357057384233,804,1,1,0,1.087156661416952,0,-0.37795708319482574,-0.20374543196723224,-1.0508021925500415,83,3,1,2
2.0717612645695405,2176,1,12,1,-0.20712604623898737,0,2.548510295000257,-0.20374543196723224,2.1251318545006748,172,3,0,1
-0.30502662278718395,1254,1,28,2,-0.7135844970608767,0,-1.1956464976905106,-0.20374543196723224,0.8691889175903977,319,1,0,3
-0.6962562477282435,2443,1,31,1,0.693244532999927,0,-0.8943925028763109,-0.20374543196723224,1.5424719843241592,111,1,1,1
-0.004374376073666816,2207,1,23,0,0.8057908554047913,2,-1.1956464976905106,-0.20374543196723224,0.302135501519126,45,0,1,1
-0.9165786707745095,2085,1,2,0,-0.038306562631690924,0,-0.29188451324791154,-0.20374543196723224,-1.1938991890095803,342,2,0,1
-0.6352179613372457,2485,1,31,0,-1.0512234642754696,3,0.5688411862212304,-0.20374543196723224,-1.0283546944303992,128,1,0,1
-0.4007277782948721,1207,1,31,1,0.7495176942023591,1,0.3536597613539449,-0.20374543196723224,0.8568920635871417,174,1,1,2
-0.9733872618268635,985,1,10,2,-0.3759455298462838,1,0.4110414746518877,-0.20374543196723224,0.834078265222385,293,2,0,2
-0.6885533879245345,506,1,27,1,0.7495176942023591,2,-0.3492662265458544,-0.20374543196723224,0.5347000430583646,248,1,1,0
-0.747665959364605,2485,1,20,2,1.2559761450242486,2,-0.7079019346579968,-0.20374543196723224,-0.8815069898272199,205,2,1,1
-0.6730788927831547,1261,1,35,0,-0.9949503030730374,3,0.5831866145457161,-0.20374543196723224,-0.8806247737439152,20,1,0,3
-0.7646191284861609,2204,1,12,2,0.24305924338046983,1,-0.7365927913069682,-0.20374543196723224,0.2978920937500142,299,2,1,1
-0.884151006511574,896,1,41,1,0.4118787269877663,1,0.7122954694660873,-0.20374543196723224,0.8739456616185086,57,2,1,2
-0.6788560376359365,843,1,39,0,-0.26339920744141954,0,-1.0521922144456535,-0.20374543196723224,-0.9898570545846697,172,1,0,2
-0.5946403962998502,1573,1,19,2,0.6369713717974949,1,1.7882025938025148,-0.20374543196723224,-0.29659514701700507,13,1,1,3
0.4475840453555629,2431,1,29,0,-1.4451355926924947,3,1.8455843071004574,-0.20374543196723224,-1.1951735011299094,169,3,0,1
-0.5606652825227766,886,1,38,2,-1.1074966254779017,3,0.0524057665397452,-0.20374543196723224,-0.8350565073357932,179,1,0,2
-0.2557833404706157,1552,1,41,2,0.24305924338046983,1,-0.6648656496845398,-0.20374543196723224,-0.5138550452163406,268,0,1,3
-0.27796345017325985,1006,1,41,2,-1.2763161090851982,3,0.29627804805600205,-0.20374543196723224,-0.8429319626057619,261,0,0,2
-0.9988685971596687,2368,1,8,1,1.9875272406558664,2,2.347674298457457,-0.20374543196723224,0.667667032035045,349,2,1,1
1.8206875809006549,987,1,7,0,-0.8824039806681732,0,1.2861126024455152,-0.20374543196723224,0.6374627392882178,360,3,0,2
-0.29371304745048626,1893,1,8,2,-0.5447650134535803,1,-0.7509382196314539,-0.20374543196723224,0.7293783050201286,147,1,0,1
-0.568471305627428,868,1,5,1,1.2559761450242486,2,1.9890385903453145,-0.20374543196723224,0.39543114211819475,306,1,1,2
-0.3229426493842035,929,1,22,1,0.9183371778096556,0,0.4253869029763734,-0.20374543196723224,0.6533684245796121,151,1,1,2
-0.09759961235873434,1171,1,24,0,-1.0512234642754696,3,0.7409863261150588,-0.20374543196723224,-1.2827373167666882,17,0,0,2
-0.3504872507358594,1697,1,17,2,-1.2200429478827661,3,0.1528237648111451,-0.20374543196723224,-1.235505221780404,98,1,0,3
-0.5482169108757111,604,1,34,3,-0.26339920744141954,0,1.443912314014858,-0.20374543196723224,1.9484229411830647,240,1,0,0
1.4304552012020395,2485,1,30,1,-0.038306562631690924,0,-1.3534462092598532,-0.20374543196723224,0.7781710454169376,209,3,0,1
0.19617508095861405,675,1,25,0,-0.15085288503655522,0,0.3393143330294592,-0.20374543196723224,-1.1359566812224737,17,0,0,2
0.7237865897457001,2035,1,42,1,0.017966598570741225,2,0.3393143330294592,-0.20374543196723224,0.05731022008530461,286,3,1,1
-0.28896753560712984,2369,1,39,1,-0.9949503030730374,1,0.12413290816217369,-0.20374543196723224,0.6541990490790979,360,0,0,1
0.2326261139583085,1888,1,7,0,0.35560556578533414,1,0.38235061800291625,-0.20374543196723224,0.7765381717890664,173,0,1,1
-0.3495587810273766,1349,1,21,0,0.07423975977317337,0,0.3536597613539449,-0.20374543196723224,0.2558294754623923,256,1,1,3
-0.22751659601236202,1629,1,33,1,1.9875272406558664,2,1.2143854608230868,-0.20374543196723224,-0.6572719094955571,203,0,1,3
1.521685947002218,1117,1,40,1,0.7495176942023591,0,-1.037846786121168,-0.20374543196723224,1.7531436372698095,289,3,1,2
0.32179359373963645,1808,1,29,0,1.087156661416952,0,-0.837010789578368,-0.20374543196723224,0.5124279563237071,218,0,1,3
-0.18824576612023847,493,1,9,2,0.7495176942023591,1,0.0667511948642309,-0.20374543196723224,-0.187450571868743,49,0,1,0
-0.18700780650892815,2169,1,35,0,-1.5014087538949268,3,2.1755291585636285,-0.20374543196723224,-0.9752540567847048,25,0,0,1
-0.5561948728152668,381,1,37,0,-1.2200429478827661,3,0.87009518103543,-0.20374543196723224,-0.9883402620203914,115,1,0,0
-0.7333950360675547,884,1,9,1,0.9183371778096556,4,-0.40664793984379716,-0.20374543196723224,-0.8666382953705873,59,1,1,2
-0.35499204821034996,2003,1,28,1,1.9875272406558664,2,2.1181474452656857,-0.20374543196723224,-0.5623201790558988,123,1,1,1
1.102430291971771,2191,1,18,3,-0.8824039806681732,1,-0.837010789578368,-0.20374543196723224,0.9846199272270036,180,3,0,1
1.6453099692983515,1428,1,0,2,0.8057908554047913,0,-1.1669556410415391,-0.20374543196723224,0.22395619497902108,38,3,1,3
-0.10385818594924787,1806,1,12,0,1.5373419510364092,2,-0.2775390849234259,-0.20374543196723224,0.6623118256346339,174,0,1,3
-0.4930245448714568,615,1,23,0,0.017966598570741225,1,0.3536597613539449,-0.20374543196723224,-0.11651988285520593,105,1,1,0
2.0717612645695405,2347,1,5,1,0.46815188819019843,2,1.8886205920739145,-0.20374543196723224,0.12116512337806727,48,3,1,1
-1.0029263536634083,1910,1,27,1,-0.6010381746560124,1,-0.42099336816828287,-0.20374543196723224,-0.46855247546488626,248,2,0,1
-0.6109401978487701,1196,1,11,0,0.693244532999927,1,0.16716919313563078,-0.20374543196723224,0.7452014437774125,205,1,1,2
2.0717612645695405,580,1,7,2,-1.1637697866803338,3,0.39669604632740196,-0.20374543196723224,-1.0358328945049615,304,3,0,0
-0.6088425440629387,220,1,40,1,-0.8261308194657411,1,0.0524057665397452,-0.20374543196723224,-0.4318373248401028,237,1,0,0
-0.6512082729833382,1144,1,41,2,0.7495176942023591,0,-1.2530282109884534,-0.20374543196723224,-1.2292549014007335,100,1,1,2
-0.6219098955156592,122,1,33,0,0.46815188819019843,2,-0.8943925028763109,-0.20374543196723224,-0.3127046190644844,159,1,1,0
0.4857888544712804,1562,1,30,0,1.2559761450242486,2,1.831238878775972,-0.20374543196723224,0.06437310791012422,10,3,1,3
1.3085161794879674,792,1,15,2,-0.9949503030730374,1,2.4050560117554,-0.20374543196723224,-1.1560670805951156,53,3,0,2
-0.0026549877246246274,866,1,19,1,-0.5447650134535803,0,1.8455843071004574,-0.20374543196723224,0.5957328867162285,31,0,0,2
0.007970832272456011,95,1,4,1,-0.4884918522511481,1,-0.5070659381151971,-0.20374543196723224,0.13049030215334967,98,0,0,0
0.5665313313423014,869,1,10,1,-1.1637697866803338,3,-1.080883071094625,-0.20374543196723224,-0.8033380016038787,150,3,0,2
-0.6748670566661588,191,1,19,0,0.299332404582902,1,-0.13408480167856887,-0.20374543196723224,-1.2010549416852738,304,1,1,0
-0.7270332991760987,1224,1,42,0,1.1997029838218163,2,0.6692591844926302,-0.20374543196723224,-0.7572718764119034,2,1,1,2
-0.7462560609183904,225,1,33,1,-0.3196723686438517,1,0.7266408977905731,-0.20374543196723224,0.34637012548552726,191,2,0,0
1.6565203813341065,1206,1,29,2,1.7061614346437057,2,-0.17712108665202597,-0.20374543196723224,0.6717917791613731,178,3,1,2
0.30814165024824136,158,1,31,2,-0.15085288503655522,1,0.2245509064335736,-0.20374543196723224,0.10807375898399882,223,0,0,0
-0.45227504099915694,2212,1,34,2,-0.5447650134535803,0,-0.19146651497651168,-0.20374543196723224,1.2460757557048763,311,1,0,1
-0.9713927713419744,411,1,20,0,-0.6010381746560124,1,0.43973233130085904,-0.20374543196723224,0.49207765608630677,149,2,0,0
-0.22002006281053815,1758,1,16,1,0.5806982105950628,2,0.36800518967843054,-0.20374543196723224,-0.631507072536354,316,0,1,3
2.0717612645695405,2131,1,2,1,0.8620640166072234,1,0.5688411862212304,-0.20374543196723224,1.1094173889059473,321,3,1,1
-0.7031681888913931,304,1,0,1,0.5244250493926306,1,-0.062357660056140386,-0.20374543196723224,-0.7953051920032622,301,1,1,0
-0.00963570442173582,2128,1,31,1,1.3122493062266807,2,0.48276861627431616,-0.20374543196723224,0.5836166032563391,154,0,1,1
-0.551758850874738,1896,1,24,2,-1.4451355926924947,3,-0.09104851670511178,-0.20374543196723224,-1.2496954869098167,181,1,0,1
-0.15719361253653652,2313,1,7,2,-0.4884918522511481,0,-1.224337354339482,-0.20374543196723224,1.2619969184714162,230,0,0,1
-0.8480094634147071,1734,1,34,0,1.8187077570485701,2,-1.2099919260149963,-0.20374543196723224,0.6817154203089557,275,2,1,3
-0.9469430690185947,2447,1,14,1,-0.6010381746560124,1,1.9890385903453145,-0.20374543196723224,1.1568661685442716,316,2,0,1
-0.7685393339219772,486,1,4,1,-1.3325892702876303,3,-1.410827922557796,-0.20374543196723224,-0.9750786453997203,273,2,0,0
-0.7790276028511344,1702,1,22,0,-0.3759455298462838,0,2.0177294469942857,-0.20374543196723224,1.6807322698006677,53,2,0,3
1.34978149986498,44,1,12,0,-1.2763161090851982,3,-0.2775390849234259,-0.20374543196723224,-1.2744568675637404,86,3,0,0
1.5414589130162033,1408,1,13,2,-0.9386771418706054,3,1.6017120255842006,-0.20374543196723224,-1.2765901795546557,172,3,0,3
-0.8327412948752124,2282,1,25,0,0.7495176942023591,1,0.5831866145457161,-0.20374543196723224,0.5226843631869221,56,2,1,1
-0.8346670098261396,761,1,21,1,-0.9949503030730374,3,0.38235061800291625,-0.20374543196723224,-1.1969921044595284,310,2,0,2
-0.6509675586144723,687,1,2,2,1.2559761450242486,2,0.3536597613539449,-0.20374543196723224,0.6211881741725177,345,1,1,2
1.0809379376087436,1963,1,11,0,-1.3888624314900626,3,2.3333288701329713,-0.20374543196723224,-1.0807304703234368,288,3,0,1
-0.2652743641573285,2107,1,5,0,0.1867860821780377,0,-1.080883071094625,-0.20374543196723224,0.7491688365730929,66,0,1,1
-0.37163572742907836,263,1,27,1,0.017966598570741225,2,0.0524057665397452,-0.20374543196723224,-0.008342649903549656,216,1,1,0
-0.6989384935527494,1496,1,30,2,0.35560556578533414,1,-0.32057536989688296,-0.20374543196723224,-0.5979983388459207,101,1,1,3
-0.07170562382215886,1742,1,26,1,0.9746103390120878,2,-0.17712108665202597,-0.20374543196723224,-0.8595212363827578,76,0,1,3
0.2751637817136123,194,1,25,1,1.3122493062266807,2,2.0894565886167142,-0.20374543196723224,0.6809415465516708,141,0,1,0
-0.9896526756088025,1525,1,11,2,1.1997029838218163,4,-0.9087379312007966,-0.20374543196723224,-0.15287647197244736,269,2,1,3
1.377394876750598,857,1,1,2,1.3122493062266807,2,-0.40664793984379716,-0.20374543196723224,-0.7979621585699401,294,3,1,2
-0.9605262369760279,1704,1,29,0,-1.5014087538949268,3,-0.44968422481725423,-0.20374543196723224,-0.8125367809988044,196,2,0,3
0.01852787673557522,1960,1,18,2,1.9875272406558664,2,0.2675871914070307,-0.20374543196723224,-0.3180082338810764,75,0,1,1
0.5019511049522769,1938,1,36,1,-1.2200429478827661,3,0.23889633475805927,-0.20374543196723224,-0.8561961588056239,202,3,0,1
1.1249198915772427,1448,1,38,0,-0.9949503030730374,3,1.859929735424943,-0.20374543196723224,-1.1344811619252504,232,3,0,3
0.5111326387361622,2165,1,14,0,-0.5447650134535803,0,1.6590937388821434,-0.20374543196723224,1.8173803182828328,105,3,0,1
-0.80248005993207,2214,1,13,0,-1.0512234642754696,3,-1.1956464976905106,-0.20374543196723224,-0.9191507889607452,52,2,0,1
0.17220680737296604,2068,1,18,0,-0.038306562631690924,0,-0.44968422481725423,-0.20374543196723224,0.5413888919004964,242,0,0,1
-0.7731129069304294,276,1,43,2,0.8057908554047913,1,-0.9517742161742537,-0.20374543196723224,1.0725681001632343,0,2,1,0
-0.9947420651219675,318,1,9,2,1.03088350021452,2,-1.1956464976905106,-0.20374543196723224,0.35504782988388106,304,2,1,0
-0.31056305327109973,2243,1,41,0,1.1434298226193842,2,2.290292585159514,-0.20374543196723224,-0.2902081089402142,21,1,1,1
0.43444791836888064,1353,1,8,0,0.8620640166072234,1,-1.037846786121168,-0.20374543196723224,-1.2115306127797196,274,3,1,3
-0.8972871334982561,596,1,7,2,0.5244250493926306,2,0.7553317544395445,-0.20374543196723224,-0.08093458791605831,273,2,1,0
-0.7158572749073245,301,1,33,1,-0.9386771418706054,3,-0.20581194330099736,-0.20374543196723224,-1.2544057985124906,144,1,0,0
2.0717612645695405,1644,1,28,0,-1.5014087538949268,3,0.6979500411416016,-0.20374543196723224,-1.045057469691797,296,3,0,3
-0.8354923162336799,1930,1,33,0,0.5806982105950628,1,-1.1813010693660249,-0.20374543196723224,-0.09680931825716098,341,2,1,1
-0.9432979657186252,891,1,27,2,0.5244250493926306,2,-0.5931385080621112,-0.20374543196723224,0.3926374578543965,83,2,1,2
0.13107903806387675,1318,1,13,2,-1.3325892702876303,3,2.0177294469942857,-0.20374543196723224,-0.8893669676220428,141,0,0,3
0.07736534603979876,1315,1,29,2,0.5244250493926306,2,-0.8657016462273395,-0.20374543196723224,0.10179248365403705,12,0,1,3
-0.5243174128240247,2334,1,28,0,-1.5014087538949268,3,-0.44968422481725423,-0.20374543196723224,-1.2374785998614803,255,1,0,1
0.178568544264422,799,1,14,1,1.3685224674291128,2,0.4253869029763734,-0.20374543196723224,-0.6871537548435156,35,0,1,2
0.23878152424787943,87,1,28,0,0.9746103390120878,0,0.8844406093599158,-0.20374543196723224,1.4841838129254652,312,0,1,0
-0.6797157318104576,785,1,30,2,0.5806982105950628,2,-1.5399367774781674,-0.20374543196723224,0.07879811474591357,192,1,1,2
0.8341713217542086,931,1,25,0,0.5806982105950628,2,0.109787479837688,-0.20374543196723224,-0.3069598962062399,325,3,1,2
-0.3706384821866338,1046,1,28,1,0.7495176942023591,1,-0.39230251151931145,-0.20374543196723224,0.5690394012482837,69,1,1,2
2.0717612645695405,103,1,26,0,0.07423975977317337,1,-0.8800470745518252,-0.20374543196723224,-0.35305955592769755,311,3,1,0
1.4214799940200393,470,1,12,0,-1.0512234642754696,3,1.544330312286258,-0.20374543196723224,-1.1978975367555518,356,3,0,0
0.0409487008070853,404,1,25,2,0.46815188819019843,0,0.7266408977905731,-0.20374543196723224,1.2595979098238335,233,0,1,0
-0.4473575903208963,593,1,23,0,0.693244532999927,2,0.2819326197315164,-0.20374543196723224,0.008200191448008959,355,1,1,0
-1.0171285014264968,1705,1,20,0,0.017966598570741225,1,0.1958600497846022,-0.20374543196723224,-0.20418688165962284,169,2,1,3
0.7167027097476463,515,1,18,0,-0.8261308194657411,0,0.12413290816217369,-0.20374543196723224,0.05604880586093048,236,3,0,0
-0.7915791377991425,2294,1,33,1,-1.2200429478827661,3,-0.5787930797376255,-0.20374543196723224,-0.8959087804502908,145,2,0,1
-0.2522070127046079,252,1,9,1,1.8187077570485701,2,0.8414043243864586,-0.20374543196723224,0.7282174943842014,195,0,1,0
1.2488877915431846,1755,1,11,2,0.8620640166072234,1,-0.07670308838062609,-0.20374543196723224,-0.30483174337370667,3,3,1,3
1.1626088841882476,1458,1,6,0,-0.9949503030730374,3,-1.0665376427701392,-0.20374543196723224,-1.166202247236356,97,3,0,3
-0.03532336635642621,1990,1,4,1,-0.8261308194657411,1,-0.8513562179028538,-0.20374543196723224,0.8792621743310556,174,0,0,1
0.09005443205573012,2225,1,30,1,1.7624345958461378,2,0.6979500411416016,-0.20374543196723224,-0.6985013237045021,300,0,1,1
1.230077683004663,1425,1,8,1,-1.4451355926924947,3,-0.07670308838062609,-0.20374543196723224,0.4300181399104449,234,3,0,3
-0.47730933536121123,1133,1,30,1,0.1867860821780377,0,0.29627804805600205,-0.20374543196723224,0.10847617333778704,223,1,1,2
-0.6047847875591991,1269,1,40,1,-0.26339920744141954,0,-0.9661196444987394,-0.20374543196723224,1.0060407528286481,116,1,0,3
-0.14443575098664346,123,1,10,1,0.693244532999927,1,-0.8943925028763109,-0.20374543196723224,0.22841370782098167,44,0,1,0
1.7165958102496408,1821,1,33,2,1.1434298226193842,2,-0.004975946758197594,-0.20374543196723224,0.09265303458050307,123,3,1,3
-0.507295468168507,664,1,29,0,-0.3196723686438517,1,0.32496890470497347,-0.20374543196723224,0.146550762196201,78,1,0,2
-1.0087722740501517,1779,1,35,3,-0.09457972383412307,0,0.5544957578967447,-0.20374543196723224,2.3398869813055985,145,2,0,3
-0.7860427073152266,513,1,14,2,-0.26339920744141954,0,0.9992040359558013,-0.20374543196723224,1.2345089226126589,87,2,0,0
0.6762283080111932,1092,1,3,1,-0.3196723686438517,1,-0.11973937335408318,-0.20374543196723224,-0.7420317225517741,218,3,0,2
-0.8913380498105703,769,1,12,0,0.693244532999927,2,-1.1095739277435963,-0.20374543196723224,0.6784651505283593,178,2,1,2
-0.5838082497008844,1718,1,26,1,-1.4451355926924947,3,-0.7365927913069682,-0.20374543196723224,-1.2067893462267547,229,1,0,3
-0.6873498160802051,530,1,43,0,0.8057908554047913,4,-0.9517742161742537,-0.20374543196723224,0.2413270812508747,282,1,1,0
0.5211738666945686,778,1,1,0,-1.1074966254779017,3,0.5975320428702018,-0.20374543196723224,-1.0801242692135637,201,3,0,2
2.0717612645695405,1740,1,36,0,0.35560556578533414,1,-0.9230833595252823,-0.20374543196723224,-1.2025665750911705,311,3,1,3
-0.9907874719191705,1015,1,19,2,0.1867860821780377,0,2.2042200152126,-0.20374543196723224,1.4623502546532692,160,2,1,2
-0.7950523022642078,651,1,24,2,-0.20712604623898737,1,-0.5357567947641685,-0.20374543196723224,-0.09680931825716098,3,2,0,2
0.8357531590353272,350,1,37,2,0.07423975977317337,1,0.8270588960619729,-0.20374543196723224,-0.7888743010802252,162,3,1,0
0.2295656026970133,126,1,18,0,1.03088350021452,2,0.32496890470497347,-0.20374543196723224,-1.0500154208968018,273,0,1,0
-0.7973562826519242,299,1,11,1,0.35560556578533414,2,-0.6792110780090255,-0.20374543196723224,0.45019044918366957,235,2,1,0
0.21116814736226197,665,1,4,0,-1.5014087538949268,3,0.540150329572259,-0.20374543196723224,-1.1581126868935385,95,0,0,2
-0.44556942643789244,128,1,35,1,-0.8261308194657411,0,-0.5070659381151971,-0.20374543196723224,1.6022872666038948,29,1,0,0
-0.6013116230941339,1173,1,6,1,0.8620640166072234,0,0.1958600497846022,-0.20374543196723224,2.4251652897791964,156,1,1,2
-0.5474603800021325,2348,1,21,2,0.5244250493926306,1,-0.7079019346579968,-0.20374543196723224,-0.001478389676433254,298,1,1,1
0.8179059079722695,2307,1,28,2,0.5806982105950628,0,-1.0665376427701392,-0.20374543196723224,2.2401398131499652,12,3,1,1
0.5747843954177041,501,1,23,2,0.299332404582902,1,1.1426583192006583,-0.20374543196723224,-0.6980369994501313,171,3,1,0
0.08035708176713219,202,1,25,2,0.8620640166072234,2,-0.33492079822136867,-0.20374543196723224,-0.5245396622252533,77,0,1,0
-0.2814366146383251,874,1,0,2,-0.9386771418706054,3,-0.9661196444987394,-0.20374543196723224,0.7031929966528007,148,0,0,2
1.2491285059120503,1902,1,26,1,-1.3888624314900626,3,-0.5070659381151971,-0.20374543196723224,-1.211104982213213,132,3,0,1
0.1686304796069582,1158,1,33,1,-0.26339920744141954,1,0.2245509064335736,-0.20374543196723224,0.25986651689622836,350,0,0,2
-0.5269308831145688,1913,1,30,0,1.4810687898339772,2,-0.5644476514131398,-0.20374543196723224,0.2471801464351389,119,1,1,1
-0.87421294185411,617,1,39,1,0.46815188819019843,1,-1.2960644959619105,-0.20374543196723224,0.5757695233574709,249,2,1,0
2.0717612645695405,115,1,29,2,-1.3325892702876303,3,0.12413290816217369,-0.20374543196723224,-0.9979595128234419,76,3,0,0
0.8425619368975343,1473,1,23,0,-1.2763161090851982,3,0.08109662318871659,-0.20374543196723224,-0.9429190316261535,305,3,0,3
-0.8810217197163172,285,1,8,1,-1.0512234642754696,3,-0.8083199329293967,-0.20374543196723224,-0.9370298523332159,14,2,0,0
-0.6070543801799347,1583,1,25,1,-1.5014087538949268,3,0.16716919313563078,-0.20374543196723224,-0.8167647112927706,117,1,0,3
0.6942818856761361,2305,1,24,2,-0.9386771418706054,3,1.7882025938025148,-0.20374543196723224,-0.8743306005179985,121,3,0,1
-0.2391740490188681,594,1,12,0,0.46815188819019843,0,1.443912314014858,-0.20374543196723224,-1.1031779684430791,332,0,1,0
2.0717612645695405,2337,1,40,2,-0.8261308194657411,1,-1.224337354339482,-0.20374543196723224,0.6672749359980206,155,3,0,1
-0.8247289451686759,2343,1,5,2,1.7624345958461378,4,-0.650520221360054,-0.20374543196723224,0.48888929620629334,79,2,1,1
1.1452774496299023,1288,1,7,3,1.3122493062266807,2,0.5688411862212304,-0.20374543196723224,0.32922882176166796,335,3,1,3
-0.8161320034234649,1083,1,6,2,-0.5447650134535803,1,0.8127134677374872,-0.20374543196723224,0.09354298940138059,11,2,0,2
-0.37854766859222794,2465,1,27,1,-0.8261308194657411,1,-0.937428787849768,-0.20374543196723224,0.9010002881731862,109,1,0,1
-0.22803241251707468,764,1,23,2,-1.4451355926924947,3,0.8557497527109443,-0.20374543196723224,-1.2760845820332296,147,0,0,2
-0.7967029150792881,421,1,39,2,-0.038306562631690924,1,0.5688411862212304,-0.20374543196723224,1.0992873814230886,198,2,0,0
0.5512975505697876,956,1,26,2,0.5806982105950628,1,-0.8083199329293967,-0.20374543196723224,0.892900409513605,142,3,1,2
0.8777406225189376,2266,1,6,0,-0.038306562631690924,1,-0.2775390849234259,-0.20374543196723224,-1.1833358122226423,182,3,0,1
0.27629857802398006,1491,1,15,0,-0.6010381746560124,1,-0.837010789578368,-0.20374543196723224,-1.1021848304545634,316,0,0,3
-0.31709672899746005,1691,1,36,1,-1.5014087538949268,3,0.8557497527109443,-0.20374543196723224,-1.2239280703714226,243,1,0,3
0.42471618031330166,894,1,42,1,-0.5447650134535803,0,0.3536597613539449,-0.20374543196723224,0.8894179776058233,158,3,0,2
-0.6866620607405881,677,1,13,0,-1.1637697866803338,3,1.1856946041741154,-0.20374543196723224,-0.9105478923589289,10,1,0,2
-0.5920957015432677,823,1,5,1,-0.9949503030730374,3,0.7409863261150588,-0.20374543196723224,-1.2846591032639456,178,1,0,2
-0.7664760679031265,6,1,5,2,-0.3196723686438517,0,-1.224337354339482,-0.20374543196723224,0.35211484834377155,166,2,0,0
-0.7542684106249269,129,1,33,2,-1.3325892702876303,3,0.7122954694660873,-0.20374543196723224,-0.09680931825716098,10,2,0,0
-0.6554723560889628,698,1,31,0,0.6369713717974949,0,2.2616017285105428,-0.20374543196723224,0.6135242443962069,148,1,1,2
-0.17483453699770937,1028,1,14,1,0.5244250493926306,1,0.7553317544395445,-0.20374543196723224,0.7422039727575293,334,0,1,2
1.119796114297097,2346,1,16,0,1.087156661416952,0,0.08109662318871659,-0.20374543196723224,0.570759980568647,85,3,1,1
-0.8701551853503705,633,1,29,0,-0.6010381746560124,0,0.36800518967843054,-0.20374543196723224,1.2433646179751885,250,2,0,2
2.0717612645695405,873,1,2,1,-1.4451355926924947,3,-0.7365927913069682,-0.20374543196723224,-0.8456946919192687,69,3,0,2
-1.013552173660489,2472,1,11,0,-0.6573113358584446,1,-1.3104099242863962,-0.20374543196723224,-0.5409612633548374,147,2,0,1
1.629560372021125,1228,1,17,2,-0.7698576582633089,0,0.253241763082545,-0.20374543196723224,0.5389769853569588,158,3,0,2
-0.12538492807925605,414,1,2,1,1.03088350021452,0,-0.09104851670511178,-0.20374543196723224,1.5144654930480206,339,0,1,0
0.20401549183024653,2008,1,13,1,-1.0512234642754696,3,0.9705131793068299,-0.20374543196723224,-1.0940127235776356,278,0,0,1
-0.9274452051404563,462,1,41,1,1.9875272406558664,2,-1.1526102127170534,-0.20374543196723224,-0.34466044608196617,214,2,1,0
-0.6082579520242644,2397,1,40,0,1.2559761450242486,0,-0.8513562179028538,-0.20374543196723224,0.4097323291528186,159,1,1,1
-0.6546814374484035,295,1,41,2,-0.43221869104871596,0,2.3189834418084856,-0.20374543196723224,1.109628914399605,249,1,0,0
-0.9791300189126643,2141,1,13,2,-0.43221869104871596,1,-0.8800470745518252,-0.20374543196723224,0.2847646152472723,122,2,0,1
0.23702774813185642,172,1,15,1,-1.3325892702876303,3,-0.062357660056140386,-0.20374543196723224,-1.2228807612198973,234,0,0,0
-0.9195016309678813,305,1,3,1,-0.9386771418706054,3,-0.8083199329293967,-0.20374543196723224,-0.8889464962139182,284,2,0,0
0.07935983652468785,1357,1,10,0,0.8620640166072234,0,0.4110414746518877,-0.20374543196723224,-1.1344321499206225,82,0,1,3
0.1835203827096635,572,1,20,2,1.7061614346437057,2,-1.1669556410415391,-0.20374543196723224,-0.6980731135588045,137,0,1,0
-0.4567798384736475,1412,1,41,1,0.4118787269877663,2,-0.6648656496845398,-0.20374543196723224,0.21874028585492122,208,1,1,3
-0.43411830003327145,245,1,28,1,-1.1637697866803338,3,-0.8800470745518252,-0.20374543196723224,-1.1113836098494891,206,1,0,0
-0.1188168645859148,1278,1,3,0,-0.26339920744141954,1,0.23889633475805927,-0.20374543196723224,0.15537034345005707,360,0,0,3
-0.8778580451540795,745,1,0,2,-1.1637697866803338,3,-1.5255913491536817,-0.20374543196723224,-1.0785404075903209,339,2,0,2
-0.6029622359092144,554,1,34,1,0.4118787269877663,1,1.773857165478029,-0.20374543196723224,0.5819218197278851,65,1,1,0
0.18462079125305048,2326,1,26,1,0.35560556578533414,2,0.6549137561681445,-0.20374543196723224,0.18830383098090872,9,0,1,1
-0.2625921183328227,1630,1,12,2,-1.0512234642754696,1,0.5114594729232875,-0.20374543196723224,0.001955030226720332,221,0,0,3
-0.9054714220396971,338,1,39,0,1.5373419510364092,2,-0.11973937335408318,-0.20374543196723224,-0.3787676421446997,169,2,1,0
-0.6601834801653383,1419,1,10,0,1.424795628631545,0,1.486948598988315,-0.20374543196723224,-0.9692023640027374,224,1,1,3
-0.17366535292036067,2453,1,14,2,-0.8824039806681732,0,0.31062347638048776,-0.20374543196723224,0.5650462126606939,273,0,0,1
-0.8525486486561785,2329,1,9,0,-1.4451355926924947,3,0.8127134677374872,-0.20374543196723224,-0.9301552737893356,52,2,0,1
0.12114097340641296,770,1,5,0,1.3685224674291128,2,-1.4682096358557388,-0.20374543196723224,0.21506696508700926,40,0,1,2
-0.6144133623138354,2046,1,22,2,0.5244250493926306,1,0.6836046128171159,-0.20374543196723224,-1.0869678928071527,171,1,1,1
-0.7296467694666429,726,1,19,1,1.2559761450242486,0,-1.5686276341271388,-0.20374543196723224,0.14437875651742155,49,1,1,2
-0.00389294733593505,2365,1,17,2,-1.3325892702876303,3,-0.5357567947641685,-0.20374543196723224,-1.0440694908616632,257,0,0,1
0.7481331287681376,1000,1,30,1,-1.1074966254779017,3,0.5831866145457161,-0.20374543196723224,-0.9070989949806294,353,3,0,2
2.0717612645695405,409,1,35,0,-0.09457972383412307,0,-0.10539394502959748,-0.20374543196723224,0.2854456241536831,355,3,0,0
-0.6952590024857991,2274,1,42,2,-0.3196723686438517,0,-1.224337354339482,-0.20374543196723224,0.2740774186591689,253,1,0,1
-0.7439520805306739,29,1,8,1,0.8057908554047913,2,0.540150329572259,-0.20374543196723224,0.2265564108034981,115,2,1,0
-0.8339792544865229,1386,1,41,2,1.3122493062266807,0,-1.1813010693660249,-0.20374543196723224,2.4954665614701415,150,2,1,3
-0.4054045146042669,1121,1,9,1,1.7624345958461378,2,-0.37795708319482574,-0.20374543196723224,-0.10346979172819262,346,1,1,2
0.7636763994434789,1996,1,18,2,-1.2763161090851982,3,-0.5357567947641685,-0.20374543196723224,-0.8521384807382605,14,3,0,1
-0.9839099185230018,742,1,21,2,0.5244250493926306,0,0.5975320428702018,-0.20374543196723224,2.0975380958950884,238,2,1,2
-0.33752306258408127,2485,1,40,1,-0.9949503030730374,3,-0.5070659381151971,-0.20374543196723224,-1.0094747543318403,15,1,0,1
-0.6524806203616293,464,1,24,1,-0.9949503030730374,3,-0.6648656496845398,-0.20374543196723224,-0.954787675483712,349,1,0,0
-0.5405828266059638,2161,1,13,0,-1.4451355926924947,3,2.060765731967743,-0.20374543196723224,-1.247902679372107,60,1,0,1
0.05398166449282516,800,1,25,0,0.24305924338046983,4,0.4110414746518877,-0.20374543196723224,1.1117648059697114,102,0,1,2
0.16966211261638356,30,1,9,1,-0.20712604623898737,1,1.343494315743458,-0.20374543196723224,1.145910695720309,100,0,0,0
-0.5457753794200711,1347,1,5,1,-0.038306562631690924,1,0.5688411862212304,-0.20374543196723224,-1.0418742689701652,29,1,0,3
-0.477137396526307,1756,1,27,0,0.24305924338046983,1,0.009369481566288104,-0.20374543196723224,1.1001489608728658,214,1,1,3
1.8336861568194136,1321,1,6,2,1.1997029838218163,2,-0.33492079822136867,-0.20374543196723224,-0.22086902028749295,303,3,1,3
0.477054361658146,882,1,28,0,0.5806982105950628,4,-0.10539394502959748,-0.20374543196723224,0.48280148931565253,197,3,1,2
-0.6405824529862574,2049,1,33,2,0.693244532999927,0,-1.0235013577966823,-0.20374543196723224,1.3864022841133354,356,1,1,1
0.11220015399139349,2425,1,10,2,-0.6010381746560124,0,-0.7365927913069682,-0.20374543196723224,1.155308102712938,92,0,0,1
1.164465823605213,1745,1,10,0,0.13051292097560552,0,-0.19146651497651168,-0.20374543196723224,-0.9986302034130888,321,3,1,3
1.6272220038664278,317,1,36,1,-1.2763161090851982,3,-1.3821370659088246,-0.20374543196723224,-0.9968709304048612,208,3,0,0
-0.4185062538239684,1639,1,7,1,-1.0512234642754696,3,0.7122954694660873,-0.20374543196723224,-1.0496697572852145,112,1,0,3
-0.9953954326946035,1155,1,19,1,1.8749809182510022,2,2.3333288701329713,-0.20374543196723224,0.16722608941166076,52,2,1,2
-0.4182311516881216,2103,1,11,0,-0.9949503030730374,3,-1.2530282109884534,-0.20374543196723224,-0.09680931825716098,202,1,0,1
-0.9086350966019345,1218,1,28,2,-1.1074966254779017,3,0.9131314660088871,-0.20374543196723224,-0.9194964525723325,38,2,0,2
-0.6016211129969615,1677,1,9,2,0.8620640166072234,0,-0.004975946758197594,-0.20374543196723224,-0.09680931825716098,306,1,1,3
-0.8275487420611051,1710,1,12,0,-0.8261308194657411,0,-0.24884822827445446,-0.20374543196723224,0.9622523960622812,187,2,0,3
0.4399155733188347,193,1,24,2,0.6369713717974949,2,0.8414043243864586,-0.20374543196723224,0.2916185571576252,122,3,1,0
-0.8996255016529537,2012,1,6,1,-0.7135844970608767,1,0.1528237648111451,-0.20374543196723224,-0.09680931825716098,251,2,0,1
-0.8976653989350454,1067,1,24,1,1.1434298226193842,0,-0.46402965314173994,-0.20374543196723224,1.0224855701709508,285,2,1,2
-1.00870349851619,133,1,13,0,1.8749809182510022,2,-0.1627756583275403,-0.20374543196723224,0.6324944697664492,356,2,1,0
2.0717612645695405,776,1,13,1,-1.3325892702876303,3,1.6590937388821434,-0.20374543196723224,-1.1389799480342664,97,3,0,2
-0.5424397660229293,1609,1,20,2,0.299332404582902,1,-0.5501022230886541,-0.20374543196723224,-0.7307512227497521,305,1,1,3
-0.14391993448193088,1722,1,35,0,-0.9386771418706054,1,0.7122954694660873,-0.20374543196723224,-0.5980189754794483,55,0,0,3
-0.6246953046411076,824,1,0,2,-0.9386771418706054,1,0.2819326197315164,-0.20374543196723224,1.2122910070410111,235,1,0,2
-0.4321238095483825,872,1,37,0,0.693244532999927,2,0.7409863261150588,-0.20374543196723224,0.3133386139454195,137,1,1,2
-0.44096146566245936,207,1,28,0,1.424795628631545,0,0.32496890470497347,-0.20374543196723224,2.1401733807631014,111,1,1,0
0.42636679312838227,367,1,24,1,0.35560556578533414,2,-0.10539394502959748,-0.20374543196723224,0.379752459795604,135,3,1,0
0.38406983974194436,423,1,33,1,1.087156661416952,2,-1.3104099242863962,-0.20374543196723224,-0.5078188299095189,117,0,1,0
2.0717612645695405,1553,1,11,2,-0.8261308194657411,0,-1.0665376427701392,-0.20374543196723224,1.3537267545015788,166,3,0,3
0.15611333242593112,2363,1,27,1,-1.3325892702876303,3,1.831238878775972,-0.20374543196723224,-1.1988777768481127,129,0,0,1
0.9763991259869785,1752,1,30,0,0.46815188819019843,1,-0.3492662265458544,-0.20374543196723224,0.1446109186446069,270,3,1,3
1.8045597181866389,1549,1,1,1,1.9312540794534343,2,-1.1956464976905106,-0.20374543196723224,-0.27577794294604296,333,3,1,3
-0.1489061606941532,1090,1,1,1,-1.3888624314900626,3,1.7021300238556005,-0.20374543196723224,-1.2611281818841047,109,0,0,2
-0.9420943938742956,974,1,27,2,0.9746103390120878,2,-0.6361747930355683,-0.20374543196723224,-0.38039535661418883,96,2,1,2
-0.10385818594924787,1212,1,4,2,-0.3196723686438517,1,-0.33492079822136867,-0.20374543196723224,0.5342511962791393,47,0,0,2
0.2676672485117883,1604,1,23,2,1.7061614346437057,2,-1.1813010693660249,-0.20374543196723224,-0.9595237828782951,300,0,1,3
0.1464159821373332,214,1,4,0,1.8749809182510022,2,-0.7079019346579968,-0.20374543196723224,-0.027524400767449914,114,0,1,0
1.7661141947020558,118,1,8,0,-1.3888624314900626,3,-0.7509382196314539,-0.20374543196723224,1.0652936868447571,56,3,0,0
-0.986729715415431,1339,1,22,0,-1.1637697866803338,3,-0.47837508146622565,-0.20374543196723224,-1.1461021661804778,160,2,0,3
-0.5543379333983013,1091,1,4,1,0.35560556578533414,0,-0.04801223173165469,-0.20374543196723224,1.6102349500912099,320,1,1,2
0.14882312582599222,2021,1,11,0,-0.09457972383412307,1,-1.1813010693660249,-0.20374543196723224,0.5480957977969649,80,0,0,1
-0.0458116352855836,1951,1,7,1,-0.9949503030730374,1,0.109787479837688,-0.20374543196723224,-0.7893231478594503,148,0,0,1
-0.673250831618059,967,1,27,0,1.3122493062266807,0,-0.07670308838062609,-0.20374543196723224,0.9688561187911118,169,1,1,2
-0.7080168640356921,337,1,0,1,-1.5014087538949268,3,0.8127134677374872,-0.20374543196723224,-0.3097896945787115,50,1,0,0
1.2323816633923794,5,1,39,0,-1.0512234642754696,1,2.0751111602922285,-0.20374543196723224,0.12331391284412815,52,3,0,0
0.08176698021334687,787,1,25,2,0.299332404582902,1,-0.019321375082683293,-0.20374543196723224,-1.204831445620824,111,0,1,2
-0.8777892696201178,1850,1,31,2,-0.9386771418706054,3,-1.0235013577966823,-0.20374543196723224,-1.1607593351434524,330,2,0,3
-0.7745571931436248,2030,1,17,1,1.3122493062266807,2,-1.1526102127170534,-0.20374543196723224,-0.7005288729485885,336,2,1,1
0.5858228686185548,1820,1,18,1,0.5244250493926306,2,-1.0665376427701392,-0.20374543196723224,-0.30814650263407667,35,3,1,3
-0.21104485562853786,1805,1,11,1,-0.9386771418706054,3,-0.7079019346579968,-0.20374543196723224,-1.1069080399531919,230,0,0,3
-0.4726669868187973,110,1,39,1,-1.5014087538949268,3,-0.2775390849234259,-0.20374543196723224,-1.2394777737344662,249,1,0,0
-0.8457398707939715,2375,1,30,2,-0.8261308194657411,0,-1.0235013577966823,-0.20374543196723224,1.1463698608162982,223,2,0,1
-0.8249008840035801,219,1,15,1,0.8057908554047913,1,-0.9087379312007966,-0.20374543196723224,-0.5351933242838743,209,2,1,0
-0.9510008255223341,490,1,17,0,-0.09457972383412307,1,0.2675871914070307,-0.20374543196723224,0.10470998771900075,9,2,0,0
-0.8472185447741477,582,1,35,1,-0.4884918522511481,0,-0.5070659381151971,-0.20374543196723224,-0.8854124727223174,54,2,0,0
-0.7664760679031265,835,1,20,1,0.46815188819019843,2,0.16716919313563078,-0.20374543196723224,-0.27184924383822695,108,2,1,2
-0.6092208094997279,514,1,36,0,-0.6573113358584446,0,-0.9517742161742537,-0.20374543196723224,1.2357574389410786,65,1,0,0
2.0717612645695405,2187,1,24,1,-1.5014087538949268,3,0.1384783364866594,-0.20374543196723224,-1.1228034069278225,324,3,0,1
-0.6196403028949237,1612,1,33,1,-0.09457972383412307,1,1.831238878775972,-0.20374543196723224,-0.6419698457348451,27,1,0,3
2.0717612645695405,1181,1,32,0,-0.8261308194657411,0,0.5975320428702018,-0.20374543196723224,1.5428047500397915,244,3,0,2
0.3273300242235521,1111,1,43,0,1.087156661416952,2,-0.5787930797376255,-0.20374543196723224,-0.7571686932442655,24,0,1,2
-0.48318964351493554,17,1,41,1,0.07423975977317337,1,0.5831866145457161,-0.20374543196723224,0.7080168097398764,186,1,1,0
0.4478247597244288,1388,1,28,1,0.24305924338046983,1,0.6262228995191731,-0.20374543196723224,0.8110838963142614,67,3,1,3
0.5051835550484762,766,1,40,3,-1.5014087538949268,3,0.253241763082545,-0.20374543196723224,-1.092516567646885,243,3,0,2
-0.6706029735605341,341,1,30,3,-0.7698576582633089,0,-1.3391007809353674,-0.20374543196723224,0.24089371194679512,284,1,0,0
-0.788174748868039,1516,1,5,1,-0.43221869104871596,1,-0.17712108665202597,-0.20374543196723224,-0.6044679234568219,291,2,0,3
0.10150555846035123,2312,1,10,2,0.6369713717974949,1,0.8557497527109443,-0.20374543196723224,0.789830743360029,260,0,1,1
-0.4752804571093414,416,1,34,0,-0.6573113358584446,0,-0.2775390849234259,-0.20374543196723224,0.07527440957107666,264,1,0,0
-0.8278926197309134,1122,1,22,2,-0.9949503030730374,3,0.32496890470497347,-0.20374543196723224,-0.40277062651648443,95,2,0,2
-0.029202343833836113,119,1,32,2,-0.9949503030730374,3,-1.1956464976905106,-0.20374543196723224,-1.2765231104956911,10,0,0,0
-0.17572861893921138,18,1,32,1,-1.1637697866803338,3,-0.17712108665202597,-0.20374543196723224,-1.1239616379845587,82,0,0,0
-0.4972198524431197,1431,1,20,2,-0.3196723686438517,1,0.8127134677374872,-0.20374543196723224,-0.6834752749172216,266,1,0,3
-0.6273087749316518,2223,1,12,1,-0.20712604623898737,1,-1.410827922557796,-0.20374543196723224,-1.1969972636179105,230,1,0,1
0.2630592877363551,1305,1,24,2,0.9183371778096556,0,-0.5787930797376255,-0.20374543196723224,0.8595696667873475,360,0,1,3
0.714776994796719,2126,1,32,2,0.8620640166072234,1,0.6979500411416016,-0.20374543196723224,-0.33618136928131537,87,3,1,1
-0.5864904955253902,806,1,1,0,0.07423975977317337,1,-0.6074839363865969,-0.20374543196723224,0.26415119793239533,78,1,1,2
1.7997798185763016,2379,1,18,1,0.13051292097560552,0,0.8844406093599158,-0.20374543196723224,0.9527853404314964,251,3,1,1
2.0717612645695405,613,1,15,2,1.3122493062266807,0,0.109787479837688,-0.20374543196723224,2.5208599390258484,166,3,1,0
-0.991750329394634,82,1,7,0,1.03088350021452,2,0.2245509064335736,-0.20374543196723224,-1.0326213184122297,299,2,1,0
-0.3414088802529166,1202,1,14,2,0.46815188819019843,2,-1.2817190676374248,-0.20374543196723224,-0.02684597144023018,17,1,1,2
1.17330347971929,1992,1,27,1,0.7495176942023591,2,-0.42099336816828287,-0.20374543196723224,0.7325047549995592,93,3,1,1
-0.9740406293994995,871,1,39,0,-1.0512234642754696,3,-0.7796290762804253,-0.20374543196723224,-1.2510007539804373,7,2,0,2
0.4653625208846592,540,1,37,0,0.24305924338046983,1,1.730820880504572,-0.20374543196723224,-0.7726100542812888,233,3,1,0
0.26959296346271555,1049,1,13,0,0.35560556578533414,1,-0.7652836479559396,-0.20374543196723224,0.09954567017872007,302,0,1,2
1.189500117967267,324,1,14,1,0.299332404582902,0,-0.36361165487034003,-0.20374543196723224,0.8646901314813817,135,3,1,0
-0.7507952461598617,2192,1,38,2,0.4118787269877663,2,2.4767831533778284,-0.20374543196723224,0.45437710621058064,255,2,1,1
-0.5400670101012511,107,1,22,1,0.24305924338046983,1,1.1713491758496297,-0.20374543196723224,-0.013045222768650624,121,1,1,0
0.6988210709176075,1400,1,38,1,-0.7698576582633089,1,2.5341648666757712,-0.20374543196723224,0.973945628534855,162,3,0,3
-0.9859044090078907,114,1,0,2,-1.1637697866803338,3,-1.0091559294721966,-0.20374543196723224,-1.1810838395889431,154,2,0,0
-0.6057476450346627,395,1,33,0,-1.2200429478827661,3,-0.49272050979071136,-0.20374543196723224,1.1015135582648783,16,1,0,0
0.9687650417172311,1937,1,26,1,0.8057908554047913,2,0.87009518103543,-0.20374543196723224,0.35230057804551995,27,3,1,1
-0.6102868302761341,1576,1,23,1,-0.6010381746560124,1,-1.3964824942333103,-0.20374543196723224,-1.2357115881156797,152,1,0,3
-0.05451174033173698,2484,1,31,2,-0.20712604623898737,0,0.6979500411416016,-0.20374543196723224,0.04886983697251818,18,0,0,1
-0.8746599828248609,997,1,34,2,-1.3325892702876303,3,-0.24884822827445446,-0.20374543196723224,-1.191464066253324,168,2,0,2
-0.7556439213041607,1118,1,14,0,1.2559761450242486,0,2.0033840186698,-0.20374543196723224,1.5995632309782524,103,2,1,2
-0.9428509247478744,573,1,39,0,0.9746103390120878,2,-1.0665376427701392,-0.20374543196723224,-0.28908083283376934,119,2,1,0
0.9353057444448701,1871,1,3,0,0.35560556578533414,2,0.5114594729232875,-0.20374543196723224,0.6126291304169473,345,3,1,3
-0.9313310228092916,1945,1,38,2,0.7495176942023591,2,1.3148034590944866,-0.20374543196723224,-0.07591472681047068,15,2,1,1
-0.6562288869625413,1418,1,28,1,0.35560556578533414,1,1.257421745796544,-0.20374543196723224,0.22021838473133537,216,1,1,3
1.5010876745806925,529,1,41,0,0.4118787269877663,0,-0.36361165487034003,-0.20374543196723224,1.37171673977926,49,3,1,0
0.1835547704766443,2224,1,14,0,-1.3325892702876303,3,1.0852766059027155,-0.20374543196723224,-1.2415336983496525,134,0,0,1
2.0717612645695405,1569,1,18,0,1.1434298226193842,0,-0.20581194330099736,-0.20374543196723224,-1.034241294144146,39,3,1,3
-0.38893277422044276,1159,1,36,2,-1.4451355926924947,3,1.7021300238556005,-0.20374543196723224,-1.0832017071883664,281,1,0,2
-0.0636244985816607,666,1,40,1,-0.8824039806681732,0,0.0524057665397452,-0.20374543196723224,0.4062679542993734,215,0,0,2
0.5967237907514824,1699,1,2,0,-0.26339920744141954,0,-0.44968422481725423,-0.20374543196723224,0.8808460359542984,97,3,0,3
-0.12063941623589962,2238,1,30,0,0.46815188819019843,2,-0.5070659381151971,-0.20374543196723224,0.0044494833043684685,166,0,1,1
0.23475815551112084,452,1,41,1,-1.2763161090851982,3,-0.36361165487034003,-0.20374543196723224,-1.0925836367058495,344,0,0,0
-0.2946071293919883,1712,1,24,1,0.693244532999927,2,0.23889633475805927,-0.20374543196723224,0.5031130958651887,38,1,1,3
-0.946633579115767,810,1,10,0,0.7495176942023591,0,1.730820880504572,-0.20374543196723224,1.7752248351443367,105,2,1,2
-0.8018954678933956,1690,1,8,0,-1.5014087538949268,3,1.1426583192006583,-0.20374543196723224,0.7678475694947577,332,2,0,3
0.08627177768783742,1333,1,35,0,1.03088350021452,0,0.6836046128171159,-0.20374543196723224,1.9390926032494005,12,0,1,3
-0.9788893045437984,2353,1,17,3,1.7061614346437057,2,0.109787479837688,-0.20374543196723224,-0.8716710543721298,47,2,1,1
1.1890186892295354,856,1,25,1,-0.038306562631690924,1,-1.3104099242863962,-0.20374543196723224,-0.5072048900620728,253,3,0,2
-0.29684233424574313,2342,1,19,0,-0.9949503030730374,3,0.38235061800291625,-0.20374543196723224,-0.9975003477274529,1,1,0,1
0.058039420996564554,179,1,6,1,0.5806982105950628,2,0.7696771827640301,-0.20374543196723224,-0.8314089823597908,265,0,1,0
-0.6774805269567028,1424,1,34,1,-1.0512234642754696,3,0.16716919313563078,-0.20374543196723224,-1.2104704057322393,3,1,0,3
-0.6239731615345099,1348,1,10,1,0.46815188819019843,2,-0.09104851670511178,-0.20374543196723224,0.21144265632372522,133,1,1,3
-0.9049556055349843,1535,1,25,2,-1.2200429478827661,3,-0.6792110780090255,-0.20374543196723224,-1.1944280027437248,137,2,0,3
0.6940067835402893,182,1,28,2,-0.6573113358584446,0,-1.2530282109884534,-0.20374543196723224,0.1943942174507403,35,3,0,0
-0.680747364819883,1632,1,37,1,-0.9949503030730374,3,-0.40664793984379716,-0.20374543196723224,-1.1123922253131504,108,1,0,3
-1.0141023779321825,1980,1,42,0,1.1434298226193842,2,0.39669604632740196,-0.20374543196723224,0.561971354265082,205,2,1,1
-0.7491446333447812,1100,1,17,2,0.8057908554047913,1,-0.3492662265458544,-0.20374543196723224,0.132966698176661,125,2,1,2
-0.35241296568678665,142,1,39,1,-0.3196723686438517,1,-1.5686276341271388,-0.20374543196723224,-0.5471264576212066,154,1,0,0
-0.9217368358216361,2485,1,18,0,0.46815188819019843,1,0.9418223226578585,-0.20374543196723224,-0.6181809664359091,134,2,1,1
-0.657638785408756,1103,1,7,2,-1.1637697866803338,3,-0.44968422481725423,-0.20374543196723224,-0.9481865323340722,231,1,0,2
1.5150147202079345,550,1,24,2,-0.8261308194657411,0,-1.224337354339482,-0.20374543196723224,0.5745132682914785,103,3,0,0
-0.20258546495125027,239,1,30,0,-1.5014087538949268,3,1.3004580307700009,-0.20374543196723224,-1.1953179575646022,237,0,0,0
0.38802443294474154,1355,1,18,1,1.1434298226193842,0,-0.4353387964927685,-0.20374543196723224,1.6996199486367993,233,3,1,3
-0.7608020863512873,1537,1,14,2,-1.3325892702876303,3,0.540150329572259,-0.20374543196723224,-1.0511917090078748,48,2,0,3
-0.7703618855719618,782,1,31,0,1.087156661416952,0,-1.4969004925047102,-0.20374543196723224,1.7885225658736814,56,2,1,2
-0.8860423336955202,1624,1,8,2,-1.0512234642754696,3,0.3393143330294592,-0.20374543196723224,-1.1842489832562384,124,2,0,3
2.0717612645695405,453,1,37,0,-1.2200429478827661,3,0.2819326197315164,-0.20374543196723224,-0.9932595195375319,290,3,0,0
1.4876420576911829,2137,1,20,0,1.3122493062266807,0,-0.42099336816828287,-0.20374543196723224,1.0365391176032432,113,3,1,1
-0.5477354821379792,1359,1,13,0,-0.6010381746560124,1,-0.9948105011477107,-0.20374543196723224,-0.16466772845427732,41,1,0,3
0.7150520969325657,678,1,11,2,-0.8824039806681732,1,-0.837010789578368,-0.20374543196723224,0.2850793239085682,134,3,0,2
0.25686948967980344,980,1,25,1,-1.1637697866803338,3,-0.8800470745518252,-0.20374543196723224,-1.0118041143412675,46,0,0,2
0.4593446616630115,339,1,5,2,-0.4884918522511481,0,1.2287308891475726,-0.20374543196723224,-1.2264612171369351,267,3,0,0
-0.22851384125480656,880,1,19,1,-0.5447650134535803,1,-0.9087379312007966,-0.20374543196723224,-1.113847107976846,131,0,0,2
-0.6019993784337508,1649,1,6,0,0.4118787269877663,2,0.29627804805600205,-0.20374543196723224,0.19849574836435005,299,1,1,3
-0.6805410382179979,25,1,11,2,-1.3888624314900626,3,0.8557497527109443,-0.20374543196723224,-1.1804673201623064,35,1,0,0
-0.6163046894977817,903,1,14,0,-1.1637697866803338,3,-1.2099919260149963,-0.20374543196723224,-1.0863797487516162,289,1,0,2
-0.1792705589382383,357,1,40,1,-0.8261308194657411,0,-0.23450279994996878,-0.20374543196723224,1.044770554801563,30,0,0,0
0.0865124920567033,2300,1,26,0,0.017966598570741225,1,-1.5399367774781674,-0.20374543196723224,-0.18487099267779356,88,0,1,1
2.0717612645695405,152,1,8,1,0.7495176942023591,2,-1.554282205802653,-0.20374543196723224,-0.9591961763210445,87,3,1,0
-0.04656816615916206,2485,1,12,2,-0.26339920744141954,1,-0.30622994157239725,-0.20374543196723224,-0.7998323534833784,75,0,0,1
0.171519052033349,2475,1,42,2,-0.8261308194657411,1,-0.8513562179028538,-0.20374543196723224,0.3218176907460703,35,0,0,1
0.2917730731653598,173,1,19,2,1.087156661416952,2,0.6405683278436588,-0.20374543196723224,0.23208960816808463,360,0,1,0
0.31594767335289287,349,1,28,0,1.7624345958461378,2,-1.0952284994191106,-0.20374543196723224,0.7190445107811853,112,0,1,0
-0.9200518352395747,1235,1,35,0,-1.1637697866803338,3,0.45407775962534475,-0.20374543196723224,-0.8925269521309559,160,2,0,2
-0.8597700797221557,1389,1,7,1,1.2559761450242486,2,0.43973233130085904,-0.20374543196723224,-0.5852990704888765,177,2,1,3
0.17836221766253693,1057,1,38,2,0.693244532999927,2,0.12413290816217369,-0.20374543196723224,-0.4732086159045501,298,0,1,2
0.07702146836999045,78,1,40,2,1.5936151122388413,2,-0.5501022230886541,-0.20374543196723224,0.35911840584719945,146,0,1,0
-0.7662353535342606,2063,1,18,0,-1.0512234642754696,3,-0.6218293647110826,-0.20374543196723224,-1.2241344367066986,59,2,0,1
0.3193176745170156,311,1,23,2,-0.9949503030730374,1,-0.29188451324791154,-0.20374543196723224,1.196687132514958,152,0,0,0
-0.2722206930874589,533,1,6,0,-1.4451355926924947,3,-1.0665376427701392,-0.20374543196723224,-0.955700846517308,225,0,0,0
-0.33332775501241835,94,1,9,0,-1.3325892702876303,3,0.43973233130085904,-0.20374543196723224,-1.1357786902582983,171,1,0,0
-0.8267578234205456,255,1,5,0,-0.038306562631690924,0,-0.6361747930355683,-0.20374543196723224,-0.0035265755540472483,73,2,0,0
-0.1644494313694946,1102,1,37,1,1.1434298226193842,2,-1.2960644959619105,-0.20374543196723224,-0.5287134213562094,189,0,1,2
-0.5302321087447297,1110,1,35,0,-0.6573113358584446,1,0.36800518967843054,-0.20374543196723224,0.705470765078409,23,1,0,2
2.0717612645695405,2485,1,13,0,-0.9386771418706054,3,-0.46402965314173994,-0.20374543196723224,-1.0291982168258398,308,3,0,1
-0.7305064636411639,1043,1,22,2,0.7495176942023591,2,1.8455843071004574,-0.20374543196723224,0.05277016070923372,188,1,1,2
2.0717612645695405,1663,1,31,0,-0.7698576582633089,1,0.5258049012477732,-0.20374543196723224,0.2885488579203952,70,3,0,3
0.12726199592900306,2269,1,36,0,0.8620640166072234,2,-0.30622994157239725,-0.20374543196723224,0.4389254268567933,87,0,1,1
0.12316985165828265,1279,1,35,2,0.5806982105950628,2,0.3393143330294592,-0.20374543196723224,-0.9421477374480597,162,0,1,3
-0.2061961804842389,2017,1,28,1,-1.2763161090851982,3,-1.4969004925047102,-0.20374543196723224,-1.1081152830145562,55,0,0,1
0.4161880141020526,1161,1,30,1,-0.9949503030730374,3,0.1528237648111451,-0.20374543196723224,-0.9262188359439468,174,3,0,2
0.07736534603979876,1430,1,35,0,0.299332404582902,0,0.43973233130085904,-0.20374543196723224,1.331160595739153,354,0,1,3
0.3003012393766091,2485,1,11,1,-0.15085288503655522,1,0.7553317544395445,-0.20374543196723224,-1.144458974235843,318,0,0,1
1.8013960436244014,445,1,14,1,0.9183371778096556,0,0.5544957578967447,-0.20374543196723224,0.23613438833949343,65,3,1,0
0.6120951225919194,2424,1,16,2,0.6369713717974949,1,-0.9948105011477107,-0.20374543196723224,-0.7611850980445738,133,3,1,1
0.845759999226753,1643,1,16,1,-0.09457972383412307,0,-0.39230251151931145,-0.20374543196723224,0.23278093539125916,150,3,0,3
-0.7461185098504669,2417,1,13,0,1.5936151122388413,2,-0.6218293647110826,-0.20374543196723224,0.3258469934423333,25,2,1,1
-0.8615238558381787,492,1,36,1,0.693244532999927,1,-0.9661196444987394,-0.20374543196723224,-0.6551721320341243,61,2,1,0
0.1066981112744586,2206,1,37,0,0.9183371778096556,0,-0.937428787849768,-0.20374543196723224,1.412597910797427,175,0,1,1
0.5124393738814343,1238,1,19,0,0.4118787269877663,0,0.5975320428702018,-0.20374543196723224,-1.1327992762927517,341,3,1,2
-0.8283396607016645,1517,1,14,2,1.5373419510364092,2,0.43973233130085904,-0.20374543196723224,-0.36623604643506735,309,2,1,3
-0.47579627361405413,257,1,34,1,-0.9386771418706054,3,-1.4825550641802245,-0.20374543196723224,-0.9279368356851191,220,1,0,0
-0.6725630762784421,2263,1,10,2,1.087156661416952,0,-0.6361747930355683,-0.20374543196723224,2.3938620962970254,201,1,1,1
1.8238168676959114,120,1,12,1,-0.4884918522511481,1,2.0894565886167142,-0.20374543196723224,1.2100312956697394,111,3,0,0
-0.8074318983773114,940,1,31,0,1.6498882734412736,2,-0.3492662265458544,-0.20374543196723224,0.49148435287238834,263,2,1,2
-0.9269637764027244,1089,1,38,0,1.9312540794534343,2,-0.24884822827445446,-0.20374543196723224,-0.4098412530788768,26,2,1,2
-0.42307982683242057,1674,1,15,2,1.9875272406558664,2,-0.793974504604911,-0.20374543196723224,-0.05055488378424653,328,1,1,3
-0.4149299260579606,1461,1,38,1,-0.3759455298462838,1,-0.20581194330099736,-0.20374543196723224,1.0436845519621734,247,1,0,3
-0.7165450302469413,2113,1,13,2,0.07423975977317337,1,0.7840226110885158,-0.20374543196723224,-0.6556957866098869,198,1,1,1
0.9324171720184791,1126,1,8,2,0.46815188819019843,2,-1.511245920829196,-0.20374543196723224,-0.34306626614195945,348,3,1,2
-0.5456034405851669,2350,1,31,2,1.3122493062266807,2,-0.22015737162548307,-0.20374543196723224,-0.2403525819167343,41,1,1,1
0.5507473462980942,1803,1,41,1,-0.9386771418706054,1,1.056585749253744,-0.20374543196723224,0.5611510480823603,186,3,0,3
-0.6717721576378827,762,1,1,2,1.1997029838218163,2,0.38235061800291625,-0.20374543196723224,0.36660692423852564,358,1,1,2
0.013197772853544398,789,1,12,2,-0.038306562631690924,0,-0.980465072823225,-0.20374543196723224,0.7187065859071707,332,0,0,2
-0.10602461526904101,1008,1,4,2,0.5244250493926306,1,0.1815146214601165,-0.20374543196723224,0.4312795541348193,14,0,1,2
0.1677020098984755,159,1,36,2,-0.8824039806681732,1,-0.9948105011477107,-0.20374543196723224,-0.778419266619307,285,0,0,0
0.3945924964380826,75,1,20,0,-0.20712604623898737,0,-0.44968422481725423,-0.20374543196723224,1.5474866862713645,170,3,0,0
-0.6381065337636368,1543,1,32,1,-0.5447650134535803,0,-0.11973937335408318,-0.20374543196723224,1.026403950962003,348,1,0,3
0.06739289361535415,1592,1,7,0,0.46815188819019843,1,-0.47837508146622565,-0.20374543196723224,-0.1129110515670677,97,0,1,3
-0.12428451953586907,2406,1,13,1,-0.43221869104871596,1,0.32496890470497347,-0.20374543196723224,0.6256327891185235,146,0,0,1
-0.7029274745225271,579,1,9,0,-0.8824039806681732,1,0.3536597613539449,-0.20374543196723224,0.3208322914951277,92,1,0,0
-0.11936706885760838,1678,1,28,1,1.03088350021452,0,-0.019321375082683293,-0.20374543196723224,2.186997902237216,240,0,1,3
-0.798731793331158,1521,1,10,0,1.6498882734412736,2,1.5873665972597149,-0.20374543196723224,-0.9694474240258777,128,2,1,3
-0.1486310585583064,77,1,17,0,-0.9386771418706054,1,-0.49272050979071136,-0.20374543196723224,-0.5964351138562053,169,0,0,0
-0.29371304745048626,520,1,26,1,-1.3325892702876303,3,0.08109662318871659,-0.20374543196723224,-1.0025872778920053,227,1,0,0
-0.415514518096635,1009,1,16,0,0.693244532999927,2,-0.4353387964927685,-0.20374543196723224,-0.35633304192101245,48,1,1,2
-0.3346001023907096,1485,1,11,2,0.693244532999927,0,0.32496890470497347,-0.20374543196723224,0.24713371400970174,59,1,1,3
-0.8449145643864312,155,1,9,1,1.03088350021452,2,0.1958600497846022,-0.20374543196723224,-0.2108138206011721,348,2,1,0
0.4782923212694564,2467,1,17,0,0.6369713717974949,2,0.21020547810908788,-0.20374543196723224,-0.33730090665018736,175,3,1,1
-0.7635531077097547,189,1,17,1,1.087156661416952,2,0.6118774711946875,-0.20374543196723224,0.3208529281286553,123,2,1,0
-0.391958897714757,2009,1,21,2,-1.2200429478827661,3,-1.511245920829196,-0.20374543196723224,-0.9950858616047242,31,1,0,1
1.140256835650699,135,1,2,2,-0.038306562631690924,0,-0.1627756583275403,-0.20374543196723224,1.743875209236728,69,3,0,0
-0.09759961235873434,356,1,35,2,-0.8824039806681732,0,0.8270588960619729,-0.20374543196723224,1.109226500045817,321,0,0,0
0.225232744057427,2485,1,17,0,1.9875272406558664,2,-1.037846786121168,-0.20374543196723224,0.23066310087548964,72,0,1,1
0.9056978770743636,1498,1,22,2,0.299332404582902,1,-0.39230251151931145,-0.20374543196723224,-1.1070447576503122,267,3,1,3
0.1898821196011197,1068,1,6,0,1.9875272406558664,2,-1.0665376427701392,-0.20374543196723224,-0.3729455319107269,299,0,1,2
-0.5653764065991521,503,1,7,1,-0.9386771418706054,3,0.5831866145457161,-0.20374543196723224,-1.235554233785032,222,1,0,0
-0.9353543915460504,2053,1,26,2,-0.26339920744141954,1,-1.4682096358557388,-0.20374543196723224,-1.1946472669749555,57,2,0,1
1.27887392435048,2092,1,11,2,-0.038306562631690924,0,0.3393143330294592,-0.20374543196723224,2.1507006434413656,6,3,0,1
-0.7446054481033099,908,1,27,1,0.46815188819019843,0,-0.8800470745518252,-0.20374543196723224,0.7489573110794351,349,2,1,2
-0.9907874719191705,2167,1,23,0,1.3122493062266807,2,1.1283128908761726,-0.20374543196723224,-0.23427251376366628,311,2,1,1
-0.4053013513033244,521,1,29,0,-1.5014087538949268,3,-1.4395187792067674,-0.20374543196723224,0.9703058422964251,43,1,0,0
-0.6243170392043184,2332,1,37,1,-0.9949503030730374,1,-0.1627756583275403,-0.20374543196723224,-1.084249016339892,164,1,0,1
-0.4647234126462224,2427,1,38,2,0.07423975977317337,0,2.247256300186057,-0.20374543196723224,1.0774821985219933,118,1,1,1
0.8458631625276954,2324,1,26,1,1.424795628631545,2,-0.8083199329293967,-0.20374543196723224,-0.7442914339230459,124,3,1,1
0.07117554798324705,790,1,34,2,1.2559761450242486,0,-1.4825550641802245,-0.20374543196723224,2.458307723224515,95,0,1,2
-0.054271025962871096,345,1,15,1,0.017966598570741225,1,-1.2960644959619105,-0.20374543196723224,1.1928461390996343,61,0,1,0
-0.9373488820309392,251,1,36,0,-0.8824039806681732,1,-1.3104099242863962,-0.20374543196723224,-0.6070268660142438,63,2,0,0
0.9975132149132165,1503,1,23,0,-0.4884918522511481,0,-0.47837508146622565,-0.20374543196723224,0.3987381626409919,354,3,0,3
0.2601019397760027,1124,1,36,0,0.5806982105950628,2,0.3393143330294592,-0.20374543196723224,-0.4838081068001614,11,0,1,2
-0.29371304745048626,1352,1,14,0,-1.3888624314900626,3,0.4110414746518877,-0.20374543196723224,-0.8855259742067192,55,1,0,3
0.29889134093039443,2048,1,7,2,0.5244250493926306,1,2.3763651551064284,-0.20374543196723224,0.8413836334911539,220,0,1,1
-0.1705704538920848,936,1,6,1,1.1434298226193842,2,0.4253869029763734,-0.20374543196723224,-0.644317262798609,80,0,1,2
-0.8527893630250444,1472,1,18,1,-1.5014087538949268,3,0.23889633475805927,-0.20374543196723224,-1.1756022338081755,228,2,0,3
-1.0062619670605502,1967,1,29,1,0.8620640166072234,2,-0.004975946758197594,-0.20374543196723224,0.23421518142142692,205,2,1,1
-0.8108018995414341,1398,1,28,1,-0.6010381746560124,1,-0.8800470745518252,-0.20374543196723224,0.5602997869493469,88,2,0,3
0.38314137003346166,2373,1,23,1,-1.0512234642754696,1,1.7451663088290577,-0.20374543196723224,0.4483486296413318,126,0,0,1
0.7834493654574641,660,1,12,1,0.7495176942023591,0,-0.6218293647110826,-0.20374543196723224,2.0400083207785342,203,3,1,2
-0.6458437813343266,1891,1,25,0,-1.0512234642754696,3,1.831238878775972,-0.20374543196723224,0.6418660809671685,17,1,0,1
-0.7797153581907513,2389,1,26,1,1.03088350021452,2,-1.0091559294721966,-0.20374543196723224,0.5729010312971351,92,2,1,1
-0.5912360073687466,1775,1,21,2,0.4118787269877663,2,-0.5787930797376255,-0.20374543196723224,0.4133463195993386,304,1,1,3
0.09376831088966138,1225,1,41,0,0.5244250493926306,2,-1.2817190676374248,-0.20374543196723224,-0.7381056030231491,104,0,1,2
-0.8840478432106313,749,1,2,2,1.424795628631545,2,0.6262228995191731,-0.20374543196723224,-0.4087913643481605,81,2,1,2
-0.47823780506969404,2276,1,29,1,0.7495176942023591,4,-1.0521922144456535,-0.20374543196723224,0.8314445148684254,276,1,1,1
-0.741063508104283,2089,1,39,2,-1.2763161090851982,3,-0.7365927913069682,-0.20374543196723224,-0.8499509975843353,263,2,0,1
-0.3540291907348863,730,1,18,1,-0.43221869104871596,1,0.8127134677374872,-0.20374543196723224,-0.3153873814230718,345,1,0,2
-0.9630021561986486,2268,1,43,2,1.9312540794534343,2,0.6549137561681445,-0.20374543196723224,0.6401816157554786,101,2,1,1
0.6096192033692988,1465,1,38,0,0.693244532999927,2,1.3578397440679437,-0.20374543196723224,-0.9351209637319133,262,3,1,3
-0.885698456025712,846,1,24,0,1.1997029838218163,0,1.8025480221270005,-0.20374543196723224,1.1030716240962115,328,2,1,2
1.1725469488457112,1328,1,9,1,1.9312540794534343,2,0.46842318794983046,-0.20374543196723224,-0.23383398530120494,148,3,1,3
-0.4923711772988208,812,1,32,1,1.1997029838218163,2,0.7840226110885158,-0.20374543196723224,-0.07642806306946956,200,1,1,2
-0.3788571584950555,2007,1,40,1,-1.5014087538949268,3,0.2819326197315164,-0.20374543196723224,1.1884840706877389,253,1,0,1
1.1943144053445856,833,1,1,2,-1.1637697866803338,3,-0.9230833595252823,-0.20374543196723224,-0.8070938689059012,55,3,0,2
-0.24109976396979535,2455,1,43,1,-0.20712604623898737,0,0.6979500411416016,-0.20374543196723224,1.3173521083300004,82,0,0,1
0.028294002558134766,1906,1,31,0,-1.2763161090851982,3,1.4726031706638294,-0.20374543196723224,-1.0742841019252543,27,0,0,1
-0.21895404203413196,105,1,26,1,-0.15085288503655522,0,-1.1813010693660249,-0.20374543196723224,0.6087288066802319,315,0,0,0
1.7068640721940618,849,1,22,2,1.3122493062266807,0,-0.6218293647110826,-0.20374543196723224,2.1358293694055424,202,3,1,2
-0.24959354241406376,1767,1,15,0,0.4118787269877663,0,-0.37795708319482574,-0.20374543196723224,0.868304121927902,71,0,1,3
-0.2817804923081335,551,1,40,0,-1.2200429478827661,3,-0.8083199329293967,-0.20374543196723224,-1.0621961938364652,321,0,0,0
-0.45843045128872795,1673,1,3,1,1.03088350021452,2,-0.11973937335408318,-0.20374543196723224,0.4757772951786973,308,1,1,3
-0.3500058219981275,2273,1,17,1,-0.6010381746560124,1,-0.40664793984379716,-0.20374543196723224,-0.9646003947260836,87,1,0,1
-0.9400655156224259,254,1,12,0,0.07423975977317337,0,0.7983680394130015,-0.20374543196723224,2.5129948020726434,51,2,1,0
-0.23821119154340448,502,1,34,2,-0.6010381746560124,0,2.2616017285105428,-0.20374543196723224,1.6498856618352942,311,0,0,0
-0.12679482652547072,1142,1,28,2,-1.0512234642754696,3,-0.2775390849234259,-0.20374543196723224,-1.0821647163536048,66,0,0,2
-0.8158912890545991,642,1,9,2,-0.4884918522511481,0,-0.9230833595252823,-0.20374543196723224,1.2501876049352494,354,2,0,2
-0.8464276261335882,949,1,8,2,1.087156661416952,2,0.3393143330294592,-0.20374543196723224,-0.09714466355198446,358,2,1,2
2.0717612645695405,1002,1,17,1,-1.3888624314900626,3,-0.40664793984379716,-0.20374543196723224,-1.1810709416929885,215,3,0,2
-0.6321574500759507,2215,1,35,2,1.5936151122388413,2,-1.2673736393129391,-0.20374543196723224,-0.33574799997723576,56,1,1,1
-0.9799209375532237,387,1,31,0,-1.3325892702876303,3,0.16716919313563078,-0.20374543196723224,-1.2353994590335748,90,2,0,0
0.11130607204989158,2135,1,34,1,0.5806982105950628,0,-1.511245920829196,-0.20374543196723224,1.7862344791313092,157,0,1,1
-0.4901359724450659,2071,1,23,0,0.9183371778096556,2,-0.5357567947641685,-0.20374543196723224,0.25799632198279004,130,1,1,1
-0.2177848579567833,136,1,6,2,-1.3888624314900626,3,2.548510295000257,-0.20374543196723224,-0.8815766384653755,91,0,0,0
-0.5329143545692355,2146,1,6,0,-1.5014087538949268,3,-0.04801223173165469,-0.20374543196723224,-0.8800830621138158,131,1,0,1
-0.3017253971570229,1880,1,11,1,0.5806982105950628,1,0.0954420515132023,-0.20374543196723224,0.8383887420504614,360,1,1,1
2.0717612645695405,300,1,3,0,-1.0512234642754696,3,0.3536597613539449,-0.20374543196723224,-0.8977660774677744,100,3,0,0
-0.12253074341984607,883,1,35,3,-0.15085288503655522,1,0.6118774711946875,-0.20374543196723224,0.2555534604889608,150,0,0,2
-0.6704310347256298,1195,1,13,0,0.017966598570741225,0,-0.20581194330099736,-0.20374543196723224,2.260389509798918,299,1,1,2
-0.6810912424896914,1739,1,13,0,-0.7135844970608767,0,-0.03366680340716899,-0.20374543196723224,1.2861340409611302,79,1,0,3
-0.7200525824789874,449,1,1,1,-1.3325892702876303,3,1.9029660203984002,-0.20374543196723224,-0.9297863939650299,202,1,0,0
-0.7337733015043442,1720,1,29,1,-0.7135844970608767,0,0.5544957578967447,-0.20374543196723224,2.0824191822569342,356,1,0,3
-0.10048818478512513,1079,1,5,2,0.07423975977317337,1,-1.1382647843925677,-0.20374543196723224,-0.20104237462585556,339,0,1,2
1.971374775810712,1613,1,12,0,-0.8824039806681732,0,-1.1526102127170534,-0.20374543196723224,-1.0844940763630322,278,3,0,3
-0.4898608703092192,2480,1,40,0,-0.3759455298462838,1,-0.10539394502959748,-0.20374543196723224,0.48060110826577274,319,1,0,1
-0.4548197357557394,1023,1,21,1,1.8749809182510022,2,-0.13408480167856887,-0.20374543196723224,-0.4013080051152161,47,1,1,2
1.5864724999941278,1215,1,37,0,1.3685224674291128,2,-0.42099336816828287,-0.20374543196723224,0.27220980332492134,290,3,1,2
-0.6637254201643653,600,1,18,2,-0.9386771418706054,1,0.9848586076313156,-0.20374543196723224,1.1651285606928823,307,1,0,0
0.9874375991878291,1395,1,18,2,0.5806982105950628,1,0.2819326197315164,-0.20374543196723224,0.32366982860517207,9,3,1,3
-0.3188161173465023,4,1,42,2,1.8187077570485701,2,0.5688411862212304,-0.20374543196723224,-0.1954214715687767,59,1,1,0
-0.8365239492431052,2016,1,27,2,0.6369713717974949,2,0.6549137561681445,-0.20374543196723224,0.17130956327093372,294,2,1,1
2.0717612645695405,1611,1,20,1,-0.8261308194657411,1,2.046420303643257,-0.20374543196723224,1.0699162927549386,13,3,0,3
-0.8384496641940326,1439,1,5,2,1.3122493062266807,4,-1.511245920829196,-0.20374543196723224,0.31630255043582034,89,2,1,3
-0.6072950945488006,1445,1,32,0,0.24305924338046983,0,-0.20581194330099736,-0.20374543196723224,0.0759399410023416,326,1,1,3
-0.26125099542056973,1659,1,16,2,-0.7698576582633089,1,-1.3104099242863962,-0.20374543196723224,0.7805571561685658,217,0,0,3
-0.6112840755185786,507,1,30,0,0.017966598570741225,0,-0.46402965314173994,-0.20374543196723224,1.2095282777275045,174,1,1,0
-0.39013634606477227,847,1,33,0,-1.3325892702876303,3,-0.650520221360054,-0.20374543196723224,-1.2825619053817037,188,1,0,2
1.9329636400931096,1546,1,17,2,0.8620640166072234,1,1.544330312286258,-0.20374543196723224,0.49168298047009157,347,3,1,3
-0.9811245093975534,281,1,37,2,-0.20712604623898737,1,0.12413290816217369,-0.20374543196723224,-0.7100784751134833,173,2,0,0
-0.8094951643961621,231,1,8,1,1.7061614346437057,2,0.6405683278436588,-0.20374543196723224,-0.2102256765456357,271,2,1,0
-0.6660637883190628,399,1,25,1,0.24305924338046983,1,0.43973233130085904,-0.20374543196723224,1.0684562509328608,19,1,1,0
-1.0163719705529182,1533,1,1,1,0.5806982105950628,2,1.0996220342272012,-0.20374543196723224,0.6276990320504741,310,2,1,3
0.44156618613391524,1847,1,7,2,-1.0512234642754696,1,0.7553317544395445,-0.20374543196723224,1.2307969081568824,136,3,0,3
-0.8109050628423766,1986,1,7,0,0.4118787269877663,2,1.7021300238556005,-0.20374543196723224,0.27855298855546606,215,2,1,1
-0.7997290385736024,56,1,29,0,0.35560556578533414,0,-1.1813010693660249,-0.20374543196723224,1.916828255252316,181,2,1,0
0.7780160982744906,911,1,17,2,0.46815188819019843,2,-0.5214113664396828,-0.20374543196723224,-0.13498709028321307,15,3,1,2
-0.8476999735118795,2105,1,19,1,1.1434298226193842,2,0.6405683278436588,-0.20374543196723224,-0.9260743795092535,263,2,1,1
-0.6419923514324721,2181,1,11,1,-1.4451355926924947,3,-0.3492662265458544,-0.20374543196723224,-0.944678304634381,116,1,0,1
-0.8332227236129442,2130,1,30,1,-1.2200429478827661,3,-1.224337354339482,-0.20374543196723224,-1.0261517338013284,291,2,0,1
-0.7462560609183904,625,1,18,2,1.3122493062266807,0,-0.062357660056140386,-0.20374543196723224,1.3334744782734345,111,2,1,2
-0.9627958295967636,2078,1,11,2,-0.8261308194657411,0,0.38235061800291625,-0.20374543196723224,-1.1799643022200714,277,2,0,1
2.0717612645695405,1995,1,36,2,-1.5014087538949268,3,-0.8226653612538825,-0.20374543196723224,-1.0962027863107517,17,3,0,1
-0.7845640333350503,1193,1,29,1,-0.8824039806681732,0,0.540150329572259,-0.20374543196723224,2.2654042117461235,275,2,0,2
-0.29371304745048626,509,1,27,1,-1.3888624314900626,3,2.304638013484,-0.20374543196723224,-0.9192668700243379,64,1,0,0
1.1919072616559263,2080,1,11,2,-1.5014087538949268,3,-0.20581194330099736,-0.20374543196723224,-1.0479956103902883,337,3,0,1
0.10855505069142404,1898,1,36,2,-0.15085288503655522,1,-1.2673736393129391,-0.20374543196723224,-0.5852939113304947,157,0,0,1
-0.7706025999408277,1324,1,39,2,1.3685224674291128,2,-1.080883071094625,-0.20374543196723224,0.2856545700681501,237,2,1,3
0.19940753105481335,892,1,11,1,0.35560556578533414,0,2.290292585159514,-0.20374543196723224,1.2981780962036733,76,0,1,2
1.7094431547176252,358,1,20,0,-1.2763161090851982,3,1.9029660203984002,-0.20374543196723224,-0.9558220867392826,50,3,0,0
-0.9200518352395747,410,1,11,0,-0.9949503030730374,1,-0.7222473629824825,-0.20374543196723224,0.69297528347745,245,2,0,0
1.22832390688864,1853,1,24,3,-0.43221869104871596,1,-0.2775390849234259,-0.20374543196723224,-0.3154183363733632,333,3,0,3
0.2395380551214581,185,1,32,2,-1.3325892702876303,3,-0.39230251151931145,-0.20374543196723224,-0.9154800477720242,195,0,0,0
-0.6049223386271224,2153,1,7,2,-0.6573113358584446,0,0.6118774711946875,-0.20374543196723224,2.1815962634113673,324,1,0,1
-0.21675322494735794,277,1,4,2,1.5373419510364092,2,0.32496890470497347,-0.20374543196723224,-0.09282902756552615,4,0,1,0
0.6020195068665322,1826,1,33,0,-1.5014087538949268,3,0.2675871914070307,-0.20374543196723224,-1.0486172889753071,142,3,0,3
-0.28669794298639417,1488,1,13,1,1.5936151122388413,2,-0.2775390849234259,-0.20374543196723224,-0.7989372395041191,184,0,1,3
-0.1463614659375707,922,1,31,0,0.1867860821780377,1,-1.0521922144456535,-0.20374543196723224,-0.676417546250784,266,0,1,2
0.9661515714266871,2109,1,38,0,-0.43221869104871596,0,-0.8083199329293967,-0.20374543196723224,2.5456806500011635,14,3,0,1
-0.43504676974175427,1792,1,6,0,-0.9949503030730374,3,2.0894565886167142,-0.20374543196723224,-0.8099675201246188,69,1,0,3
0.1408451638864365,945,1,35,2,1.8749809182510022,2,-0.17712108665202597,-0.20374543196723224,0.4880045005437976,65,0,1,2
0.11636107379607571,1229,1,26,1,1.087156661416952,2,-0.09104851670511178,-0.20374543196723224,-0.6666022474292213,251,0,1,2
-0.5654795699000946,2110,1,31,0,-0.5447650134535803,1,-1.037846786121168,-0.20374543196723224,0.6058242005112228,137,1,0,1
1.2928697455116838,1459,1,7,1,0.07423975977317337,1,-0.019321375082683293,-0.20374543196723224,-0.09680931825716098,318,3,1,3
-0.7659258636314329,373,1,22,2,-1.5014087538949268,3,-0.7652836479559396,-0.20374543196723224,-0.8820022690318822,305,2,0,0
-0.34247490102932276,841,1,40,2,-0.9386771418706054,1,0.2245509064335736,-0.20374543196723224,-0.5144922012765051,219,1,0,2
-0.9478027631931157,2163,1,8,1,1.424795628631545,2,0.87009518103543,-0.20374543196723224,-0.4237374461805216,203,2,1,1
-0.2696072227969148,1014,1,15,0,0.9746103390120878,0,-0.10539394502959748,-0.20374543196723224,1.2466690589187945,270,0,1,2
1.008379749279163,230,1,38,2,-0.8824039806681732,0,0.29627804805600205,-0.20374543196723224,1.2078463920950053,83,3,0,0
1.37911426509964,2221,1,27,2,-0.038306562631690924,1,0.48276861627431616,-0.20374543196723224,0.4422943572801734,48,3,0,1
0.02059114275442573,2150,1,34,0,-0.3759455298462838,1,-0.44968422481725423,-0.20374543196723224,0.8961429405566285,284,0,0,1
-0.5115939390411125,147,1,40,1,-1.3888624314900626,3,-1.2099919260149963,-0.20374543196723224,-0.9340014263630412,16,1,0,0
-0.9439857210582421,198,1,35,1,-1.4451355926924947,3,-0.9087379312007966,-0.20374543196723224,0.12239558265215028,150,2,0,0
-1.0175755423972477,290,1,7,0,-1.1074966254779017,3,0.2819326197315164,-0.20374543196723224,-0.9679048356696898,358,2,0,0
1.5829649477620817,151,1,1,1,1.1434298226193842,0,1.2000400324986011,-0.20374543196723224,1.4042787679066149,282,3,1,0
-0.8870739667049456,777,1,41,2,-1.1074966254779017,3,0.36800518967843054,-0.20374543196723224,-0.9002218368575582,348,2,0,2
-0.7574320851871646,618,1,23,2,0.24305924338046983,1,0.009369481566288104,-0.20374543196723224,1.1262439839685103,88,2,1,0
-0.9089101987377814,491,1,5,2,-0.7698576582633089,0,-1.5686276341271388,-0.20374543196723224,0.9149196974875498,190,2,0,0
2.0717612645695405,131,1,38,1,0.9746103390120878,0,0.5544957578967447,-0.20374543196723224,-1.2644223045109473,263,3,1,0
-0.9495565393091387,728,1,5,1,-1.2763161090851982,3,-0.8657016462273395,-0.20374543196723224,-1.073110393393372,174,2,0,2
1.2563155492110467,210,1,1,1,-1.2200429478827661,3,1.4295668856903723,-0.20374543196723224,-0.8030284521009647,71,3,0,0
-0.027517343251774736,2122,1,20,3,0.5806982105950628,1,-0.13408480167856887,-0.20374543196723224,0.9614372490379411,201,0,1,1
-0.9000037670897428,1815,1,4,1,-0.8261308194657411,0,-0.20581194330099736,-0.20374543196723224,2.3786477382288047,54,2,0,3
-0.282124369977942,2114,1,20,0,0.07423975977317337,0,-1.3391007809353674,-0.20374543196723224,0.06681596940395343,76,0,1,1
-0.9332567377602188,1981,1,21,1,0.693244532999927,1,-0.7652836479559396,-0.20374543196723224,0.9045678461942693,317,2,1,1
1.103461924981196,183,1,22,0,-0.20712604623898737,1,-1.1382647843925677,-0.20374543196723224,0.20563860314408897,234,3,0,0
0.5145026399002848,2358,1,15,0,1.03088350021452,2,-0.6074839363865969,-0.20374543196723224,0.7104674099712783,79,3,1,1
0.2790495993824476,364,1,33,1,-0.6573113358584446,1,1.2143854608230868,-0.20374543196723224,-0.7363901828611676,30,0,0,0
-0.9825687956107487,292,1,31,2,-0.8261308194657411,1,-1.0952284994191106,-0.20374543196723224,0.48331998473303345,256,2,0,0
-0.0732874611032778,1341,1,13,0,-0.4884918522511481,0,-0.7509382196314539,-0.20374543196723224,1.1836009272792716,349,0,0,3
-0.40237839110995266,1267,1,30,2,1.8749809182510022,2,-0.5501022230886541,-0.20374543196723224,0.20639699942622824,180,1,1,3
-0.9093228519415514,1138,1,18,1,-0.038306562631690924,0,-1.0665376427701392,-0.20374543196723224,0.706345242424141,185,2,0,2
-0.07858317721832762,1221,1,32,1,1.9312540794534343,2,-0.14843023000305458,-0.20374543196723224,-0.1459631997407028,324,0,1,2
0.2705558209381791,2308,1,13,1,-1.4451355926924947,3,-1.2530282109884534,-0.20374543196723224,-0.9808001520452462,128,0,0,1
0.3170824696632608,1532,1,14,0,-1.2200429478827661,3,0.5114594729232875,-0.20374543196723224,-0.8485502860836498,129,0,0,3
0.6742338175263041,428,1,16,0,-1.1074966254779017,3,-1.1669556410415391,-0.20374543196723224,-1.1689959315001541,180,3,0,0
-0.5086709788477407,2256,1,23,0,0.693244532999927,0,-1.3534462092598532,-0.20374543196723224,0.6946700670059037,141,1,1,1
-0.29371304745048626,674,1,30,1,0.9746103390120878,2,-1.037846786121168,-0.20374543196723224,-0.648194370322606,244,1,1,2
0.32629839121412696,1258,1,43,1,0.299332404582902,1,-0.23450279994996878,-0.20374543196723224,-0.697283762326374,21,0,1,3
-0.38095481228088696,746,1,14,1,-0.20712604623898737,1,-0.9517742161742537,-0.20374543196723224,-1.2141953180839704,201,1,0,2
0.08840381924064974,495,1,17,0,-0.9949503030730374,3,-0.8943925028763109,-0.20374543196723224,-0.9985476568789783,301,0,0,0
-0.95082888668743,2291,1,24,1,-1.5014087538949268,3,-1.3964824942333103,-0.20374543196723224,-1.1125856937524716,195,2,0,1
-0.055577761108143144,2230,1,23,0,0.13051292097560552,1,0.1384783364866594,-0.20374543196723224,0.7169576312157071,263,0,1,1
-0.3361475519048475,968,1,15,0,0.9183371778096556,2,2.146838301914657,-0.20374543196723224,-0.11621291293148281,58,1,1,2
-0.6621091951162655,1949,1,21,2,1.03088350021452,2,-0.1627756583275403,-0.20374543196723224,-0.025824458080614187,202,1,1,1
0.19538416231805458,1477,1,27,1,0.4118787269877663,2,-0.14843023000305458,-0.20374543196723224,-0.847923448340249,269,0,1,3
-0.8284428240026069,150,1,39,2,-0.3196723686438517,1,-0.7365927913069682,-0.20374543196723224,0.061151213500628424,36,2,0,0
-0.9834972653192317,473,1,16,0,-0.7698576582633089,0,0.8414043243864586,-0.20374543196723224,1.4434161433917003,261,2,0,0
-0.691957776855638,663,1,21,1,-0.6573113358584446,1,-0.980465072823225,-0.20374543196723224,-0.6899500186865049,230,1,0,2
0.6200043089975136,2228,1,8,2,-0.9949503030730374,1,2.2759471568350285,-0.20374543196723224,0.37627518704620405,71,3,0,1
-0.9892400224050324,433,1,43,2,0.4118787269877663,2,-0.8083199329293967,-0.20374543196723224,-0.597933849366147,213,2,1,0
-0.9469086812516136,2289,1,21,2,0.693244532999927,0,-0.29188451324791154,-0.20374543196723224,-1.148039430152881,137,2,1,1
-0.06359011081467988,1830,1,17,1,-0.9386771418706054,3,-1.3391007809353674,-0.20374543196723224,-0.9705721205531316,74,0,0,3
0.3140563461689466,1539,1,20,2,1.5936151122388413,2,-1.1382647843925677,-0.20374543196723224,-0.538430696168516,69,0,1,3
-0.2798547773572063,1134,1,11,0,-0.9949503030730374,3,1.3865306007169151,-0.20374543196723224,-0.9097791777600258,289,0,0,2
-0.35213786355093984,768,1,25,0,1.1997029838218163,0,0.5975320428702018,-0.20374543196723224,2.395520765716805,185,1,1,2
-0.8908910088398193,1189,1,24,0,-1.3888624314900626,3,-0.14843023000305458,-0.20374543196723224,-0.8688799496875224,344,2,0,2
-0.9531672548421274,1108,1,5,1,1.087156661416952,2,0.038060338215259504,-0.20374543196723224,-1.044139139499819,248,2,1,2
-0.7407884059684362,154,1,15,2,-0.20712604623898737,1,-0.23450279994996878,-0.20374543196723224,0.5373389525707059,41,2,0,0
0.0610999322578598,1823,1,41,1,0.7495176942023591,1,1.5586757406107434,-0.20374543196723224,1.2418220296190008,278,0,1,3
0.5841378680364935,1634,1,19,0,0.7495176942023591,0,-1.554282205802653,-0.20374543196723224,1.497628579668694,177,3,1,3
0.3446958465488783,1437,1,20,0,-1.2763161090851982,3,-0.2775390849234259,-0.20374543196723224,-1.1324046006765365,360,0,0,3
0.6042203239533064,402,1,27,1,0.5806982105950628,1,-0.46402965314173994,-0.20374543196723224,0.5209250901786945,216,3,1,0
-0.7896190350812343,2182,1,16,2,0.8057908554047913,0,-1.511245920829196,-0.20374543196723224,1.0109600103457885,269,2,1,1
-0.6674736867652772,853,1,0,1,1.9312540794534343,2,-0.004975946758197594,-0.20374543196723224,-0.11671593087371814,9,1,1,2
0.5616138806640407,458,1,14,2,-0.5447650134535803,0,0.38235061800291625,-0.20374543196723224,0.48528046491815513,130,3,0,0
0.538917954456684,3,1,39,1,1.1997029838218163,0,0.39669604632740196,-0.20374543196723224,0.3242605522398995,153,3,1,0
-0.10179491993039717,1559,1,39,0,-1.0512234642754696,3,0.7266408977905731,-0.20374543196723224,-0.9613527045246782,91,0,0,3
-0.6379345949287325,1523,1,4,0,1.1997029838218163,0,-1.0952284994191106,-0.20374543196723224,2.38371403175983,84,1,1,3
-0.6038563178507163,2437,1,31,0,1.3122493062266807,0,0.5544957578967447,-0.20374543196723224,2.0330615140173074,229,1,1,1
-0.2871105961901643,2446,1,23,1,0.35560556578533414,2,-0.36361165487034003,-0.20374543196723224,-0.07054920209329578,303,0,1,1
-0.3744555243215075,1460,1,26,0,0.8620640166072234,1,0.87009518103543,-0.20374543196723224,-0.7622195093001446,272,1,1,3
0.6021570579344556,2040,1,38,2,-0.6010381746560124,0,0.31062347638048776,-0.20374543196723224,2.50836703700408,37,3,0,1
-0.7323977908251103,1901,1,26,0,0.693244532999927,1,-1.037846786121168,-0.20374543196723224,-0.012408066708486045,162,1,1,1
-0.29103080162598055,1494,1,2,1,1.5373419510364092,2,-0.20581194330099736,-0.20374543196723224,0.5457509603123921,143,0,1,3
-0.6795437929755535,420,1,37,2,1.9312540794534343,2,1.1856946041741154,-0.20374543196723224,-0.6453645719501345,244,1,1,0
1.8657355556455602,795,1,21,1,0.8620640166072234,0,-0.47837508146622565,-0.20374543196723224,1.6585582070752658,178,3,1,2
-0.9176790793178965,1382,1,30,2,1.7624345958461378,2,-1.0952284994191106,-0.20374543196723224,-0.5867410552566172,136,2,1,3
-1.0059524771577224,708,1,36,2,-0.3759455298462838,1,-1.1669556410415391,-0.20374543196723224,0.6999246698178677,91,2,0,2
-0.847596810210937,1724,1,33,2,0.7495176942023591,0,-0.793974504604911,-0.20374543196723224,0.6437336963014159,53,2,1,3
-0.5533750759228376,1406,1,14,2,0.693244532999927,2,2.146838301914657,-0.20374543196723224,-0.9361321587747654,113,1,1,3
0.24675948618743515,621,1,33,1,1.3122493062266807,0,-1.224337354339482,-0.20374543196723224,2.215061144255554,33,0,1,2
-0.9588068486269857,1016,1,34,1,1.087156661416952,0,0.2245509064335736,-0.20374543196723224,1.866454232811455,193,2,1,2
-0.5810572283424168,431,1,41,1,-0.7698576582633089,1,-1.037846786121168,-0.20374543196723224,0.908421737505548,39,1,0,0
-0.9630021561986486,366,1,15,2,0.017966598570741225,1,-1.0235013577966823,-0.20374543196723224,-0.7498272108668234,193,2,1,0
0.06997197613891744,2335,1,13,1,-0.038306562631690924,0,-0.5644476514131398,-0.20374543196723224,2.399096062475461,105,0,0,1
0.6184912472503564,1346,1,5,0,1.9312540794534343,2,-0.062357660056140386,-0.20374543196723224,-0.05549993709329665,166,3,1,3
-0.4820892349715485,1721,1,32,1,-1.1637697866803338,3,0.5831866145457161,-0.20374543196723224,0.9988669430986178,196,1,0,3
-0.8309875187591894,1727,1,15,2,-0.6010381746560124,1,2.0320748753187714,-0.20374543196723224,-0.33983663299489075,295,2,0,3
-0.9664065451297522,47,1,10,1,-0.9949503030730374,3,-1.1669556410415391,-0.20374543196723224,-1.139978245181164,219,2,0,0
0.19569365222088228,2075,1,19,3,1.424795628631545,2,0.36800518967843054,-0.20374543196723224,0.43020129003300234,132,0,1,1
0.0012996054781723282,1908,1,31,2,1.7624345958461378,2,0.8414043243864586,-0.20374543196723224,0.08769766295468917,224,0,1,1
1.2072785934963637,2292,1,29,1,-0.4884918522511481,0,0.0237149098907738,-0.20374543196723224,2.2366419037670373,191,3,0,1
-0.7624870869333485,1367,1,12,0,0.24305924338046983,1,0.8414043243864586,-0.20374543196723224,1.170922295555755,65,2,1,3
-0.07858317721832762,838,1,41,2,-0.9386771418706054,3,-1.2099919260149963,-0.20374543196723224,-1.0525330901871683,203,0,0,2
-0.2784448789109916,895,1,17,1,0.35560556578533414,2,-0.7652836479559396,-0.20374543196723224,-0.3747563965027734,128,0,1,2
2.0717612645695405,1266,1,21,0,-0.20712604623898737,1,1.8455843071004574,-0.20374543196723224,0.41301871304208815,229,3,0,3
0.4258165888566889,704,1,21,1,-1.0512234642754696,3,-0.9230833595252823,-0.20374543196723224,-0.8591678340335976,187,3,0,2
1.3465834375357617,1197,1,22,1,-1.2200429478827661,3,-1.3964824942333103,-0.20374543196723224,0.021082609927610643,281,3,0,2
-0.03986255159789757,471,1,34,1,0.5806982105950628,0,0.43973233130085904,-0.20374543196723224,2.5121409613604384,195,0,1,0
-0.2861821264816815,605,1,4,0,1.03088350021452,0,-1.4969004925047102,-0.20374543196723224,0.03326854202565579,43,0,1,0
0.5719989862922557,1804,1,19,1,0.35560556578533414,0,0.5688411862212304,-0.20374543196723224,1.3231742185639732,55,3,1,3
-0.5046132223440012,1247,1,8,0,1.5936151122388413,4,0.8127134677374872,-0.20374543196723224,0.6144606316425216,306,1,1,3
-0.29371304745048626,1866,1,14,1,0.35560556578533414,2,0.16716919313563078,-0.20374543196723224,-0.7720786609679533,85,1,1,3
0.04397482430139953,1019,1,5,2,0.7495176942023591,0,0.39669604632740196,-0.20374543196723224,-1.0672650669466808,174,0,1,2
0.2761610269560566,310,1,23,1,-1.0512234642754696,3,-0.6935565063335111,-0.20374543196723224,0.34088078096718666,250,0,0,0
-0.7548873904305822,2419,1,41,1,1.3122493062266807,0,0.540150329572259,-0.20374543196723224,2.313513363657331,87,2,1,1
-0.5153078178750436,1670,1,32,0,1.087156661416952,2,2.189874586888114,-0.20374543196723224,-0.2886036106834437,78,1,1,3
-0.5851837603801181,957,1,35,1,-1.2763161090851982,3,0.38235061800291625,-0.20374543196723224,-1.0699452497260773,132,1,0,2
-0.6720472597737295,447,1,4,0,-1.1637697866803338,3,-1.0521922144456535,-0.20374543196723224,-1.13659899644102,232,1,0,0
-0.38446236451293303,1164,1,10,1,0.7495176942023591,0,2.1324928735901714,-0.20374543196723224,-1.019638296344181,282,1,1,2
0.5308712169831664,398,1,7,0,0.07423975977317337,1,0.7983680394130015,-0.20374543196723224,-0.968098304109011,261,3,1,0
0.7554921109020382,2409,1,5,0,-1.1074966254779017,3,-0.36361165487034003,-0.20374543196723224,-0.9813599207296821,208,3,0,1
2.005728155024575,2041,1,34,0,-1.1074966254779017,3,-1.2960644959619105,-0.20374543196723224,-1.2504332465584282,74,3,0,1
0.1957280399878631,1548,1,38,2,0.017966598570741225,1,0.6262228995191731,-0.20374543196723224,1.1327935355343313,148,0,1,3
-0.7912008723623531,2050,1,35,1,-1.1074966254779017,3,0.29627804805600205,-0.20374543196723224,-1.0057962744055464,53,2,0,1
-0.6912700215160211,1272,1,20,1,-0.7698576582633089,1,0.7122954694660873,-0.20374543196723224,-1.2309187299788957,69,1,0,3
-0.8695362055447153,1520,1,0,2,-0.9949503030730374,3,-0.47837508146622565,-0.20374543196723224,-0.09680931825716098,358,2,0,3
-0.6834296106443888,2390,1,12,1,0.5244250493926306,1,0.6549137561681445,-0.20374543196723224,0.31317352087719863,133,1,1,1
1.103461924981196,313,1,4,0,-0.15085288503655522,1,0.12413290816217369,-0.20374543196723224,0.5279234885237404,100,3,0,0
2.035060920259235,1081,1,35,2,0.9746103390120878,2,-0.24884822827445446,-0.20374543196723224,0.7188613606586278,273,3,1,2
-0.6509331708474914,2297,1,29,1,-1.2763161090851982,3,0.1384783364866594,-0.20374543196723224,-1.1654980221172266,108,1,0,1
-0.8947768265086546,1429,1,29,0,0.9746103390120878,2,-0.7222473629824825,-0.20374543196723224,-0.6516871205471515,39,2,1,3
0.958895752593729,1076,1,28,2,-0.09457972383412307,0,0.1384783364866594,-0.20374543196723224,-1.257542566808685,309,3,0,2
-0.7286151364572175,930,1,38,0,-0.43221869104871596,1,-0.7079019346579968,-0.20374543196723224,-0.0964223813785188,352,1,0,2
1.8415609554580268,1273,1,2,1,1.3685224674291128,2,-0.47837508146622565,-0.20374543196723224,-0.09680931825716098,24,3,1,3
-0.3993178798486575,2296,1,5,1,-1.2763161090851982,3,-1.1669556410415391,-0.20374543196723224,-1.107514241063065,207,1,0,1
-0.9938479831804655,584,1,19,2,0.4118787269877663,2,-0.5070659381151971,-0.20374543196723224,0.5891007886162974,351,2,1,0
-0.6446745972569778,1402,1,13,1,0.6369713717974949,0,-1.324755352610882,-0.20374543196723224,2.167029379720076,6,1,1,3
-0.22933914766234673,781,1,2,2,1.9312540794534343,2,0.0667511948642309,-0.20374543196723224,-0.16594462015379724,323,0,1,2
0.22402917221309757,330,1,11,0,0.5244250493926306,2,-0.11973937335408318,-0.20374543196723224,0.6100469716468072,240,0,1,0
-0.775382499551165,212,1,6,0,1.3122493062266807,2,-0.9230833595252823,-0.20374543196723224,0.5458979963262762,87,2,1,0
-0.5994546836771684,100,1,27,1,0.07423975977317337,0,-0.30622994157239725,-0.20374543196723224,0.5536006197904512,91,1,1,0
1.1889843014625545,1487,1,23,0,1.1434298226193842,0,0.12413290816217369,-0.20374543196723224,1.627329821389632,346,3,1,3
-0.8043713871160163,826,1,15,1,-1.1074966254779017,3,-1.2673736393129391,-0.20374543196723224,-1.0496233248597773,250,2,0,2
-0.4180248250862365,2412,1,23,0,1.3685224674291128,0,-0.7222473629824825,-0.20374543196723224,0.2398077091074054,134,1,1,1
-0.44281840507942494,1556,1,40,1,-0.7135844970608767,1,-1.554282205802653,-0.20374543196723224,-0.4155240660365385,356,1,0,3
-0.9811245093975534,1872,1,6,2,1.2559761450242486,2,-0.6648656496845398,-0.20374543196723224,0.3919280735768854,56,2,1,3
0.2933205226794977,1021,1,29,1,0.9746103390120878,0,0.39669604632740196,-0.20374543196723224,1.3018333599172487,114,0,1,2
-0.9741781804674228,1760,1,19,2,-1.5014087538949268,3,-1.4251733508822817,-0.20374543196723224,-1.1833874038064611,237,2,0,3
-0.7959119964387288,2059,1,23,0,-0.9386771418706054,3,-0.937428787849768,-0.20374543196723224,1.0461790050398216,285,2,0,1
-0.734873710047731,40,1,24,1,-0.9949503030730374,1,2.4624377250533427,-0.20374543196723224,0.4115354550072922,258,2,0,0
1.4901179769138035,1351,1,6,1,1.8187077570485701,2,-0.37795708319482574,-0.20374543196723224,0.3288057707743524,25,3,1,3
-0.7271708502440221,2336,1,18,0,0.9746103390120878,2,-1.324755352610882,-0.20374543196723224,0.25441070690737017,110,1,1,1
1.478116646237489,2062,1,31,0,-1.5014087538949268,3,2.2616017285105428,-0.20374543196723224,-1.0577928521575144,231,3,0,1
-0.5721164089273975,627,1,33,1,0.017966598570741225,1,-0.8083199329293967,-0.20374543196723224,-0.18783492916819441,198,1,1,2
-0.7863521972180543,0,1,25,0,-1.3888624314900626,3,-1.037846786121168,-0.20374543196723224,-0.9613062720992411,232,2,0,0
-0.7961183230406139,2333,1,34,1,-1.0512234642754696,3,-0.6792110780090255,-0.20374543196723224,0.5858814737859926,270,2,0,1
-0.3615944994706719,1373,1,17,1,1.03088350021452,0,-0.980465072823225,-0.20374543196723224,-0.8068230130908515,41,1,1,3
-0.2884861068693981,912,1,14,2,-0.3196723686438517,0,0.038060338215259504,-0.20374543196723224,0.49716716583005016,312,0,0,2
-0.7166138057809031,112,1,41,0,-0.8261308194657411,1,0.2675871914070307,-0.20374543196723224,-0.36154895104511214,111,1,0,0
-0.8528237507920252,1097,1,2,2,-0.15085288503655522,1,-0.980465072823225,-0.20374543196723224,-0.7917350544029882,118,2,0,2
-0.02638254694140675,1264,1,3,0,-0.9949503030730374,3,1.2430763174720583,-0.20374543196723224,-0.09680931825716098,211,0,0,3
0.32089951179813436,1873,1,12,2,-1.0512234642754696,1,-1.0091559294721966,-0.20374543196723224,-0.6428752780308682,231,0,0,3
-0.8544743636071057,1798,1,36,2,-0.43221869104871596,1,1.7595117371535434,-0.20374543196723224,0.973532895864303,93,2,0,3
0.1274339347639073,1390,1,14,0,1.03088350021452,2,0.2245509064335736,-0.20374543196723224,-0.8896300846995198,283,0,1,3
2.0717612645695405,36,1,32,1,1.2559761450242486,2,-0.5787930797376255,-0.20374543196723224,-0.7991023325723398,289,3,1,0
-0.6757267508406799,1257,1,24,2,1.9312540794534343,2,-0.980465072823225,-0.20374543196723224,-0.20623764711642784,254,1,1,3
-0.8673697762249222,1920,1,35,0,-0.7698576582633089,1,0.6405683278436588,-0.20374543196723224,-1.2245265327437231,96,2,0,1
2.0717612645695405,1766,1,31,3,0.4118787269877663,0,-1.1382647843925677,-0.20374543196723224,-1.1021796712961816,313,3,1,3
-0.7379686090760069,2387,1,13,1,-0.9386771418706054,3,-1.410827922557796,-0.20374543196723224,-0.8245215059199557,194,2,0,1
2.0717612645695405,2029,1,3,2,-1.4451355926924947,3,0.43973233130085904,-0.20374543196723224,-1.1726615135304934,335,3,0,1
0.5180445798993119,2378,1,5,2,-0.7135844970608767,1,-0.7796290762804253,-0.20374543196723224,0.2641021859277674,112,3,0,1
1.0092394434536842,1109,1,2,1,-1.1074966254779017,3,-1.0235013577966823,-0.20374543196723224,-1.0424391968129834,139,3,0,2
-0.3577774573357983,1929,1,25,1,1.4810687898339772,2,0.540150329572259,-0.20374543196723224,-0.7923567329880069,315,1,1,1
-0.5184371046703004,758,1,37,2,-1.0512234642754696,3,2.146838301914657,-0.20374543196723224,-1.2607979957476632,210,1,0,2
-0.5526873205832207,143,1,1,2,-1.1637697866803338,3,-0.8083199329293967,-0.20374543196723224,-1.027152610527417,336,1,0,0
-0.980746243960764,2400,1,27,1,0.6369713717974949,2,-0.793974504604911,-0.20374543196723224,-0.7862018570384015,272,2,1,1
-0.6686084830756451,897,1,35,2,0.35560556578533414,0,-0.5931385080621112,-0.20374543196723224,-0.09680931825716098,193,1,1,2
-0.9936416565785805,69,1,4,0,-0.4884918522511481,1,2.2042200152126,-0.20374543196723224,-0.7400583444706978,192,2,0,0
-0.7473908572287582,1342,1,9,0,1.6498882734412736,2,-0.6792110780090255,-0.20374543196723224,0.37919011153197696,74,2,1,3
0.3101705285001113,201,1,33,1,0.7495176942023591,2,0.253241763082545,-0.20374543196723224,-0.8339911411299311,1,0,1,0
-0.8443987478817185,1191,1,14,1,-1.2200429478827661,3,-0.5357567947641685,-0.20374543196723224,-0.8886163100774765,224,2,0,2
-0.14003411681309547,1031,1,26,0,0.5244250493926306,2,-1.2099919260149963,-0.20374543196723224,0.46452517074777583,322,0,1,2
-0.9937448198795229,1107,1,20,1,-0.6010381746560124,0,2.562855723324742,-0.20374543196723224,-0.9775447231062679,172,2,0,2
-0.21685638824830045,1844,1,21,1,1.03088350021452,0,-1.554282205802653,-0.20374543196723224,0.254372013219506,145,0,1,3
-0.41403584411645866,99,1,4,1,0.5806982105950628,2,0.0954420515132023,-0.20374543196723224,-0.6935304746035426,46,1,1,0
-0.5988357038715131,733,1,25,1,-1.3325892702876303,3,0.48276861627431616,-0.20374543196723224,-1.2253881121935,227,1,0,2
-0.7233881958761292,589,1,14,0,1.7061614346437057,2,0.08109662318871659,-0.20374543196723224,-0.5109349615721858,301,1,1,0
-0.9463584769799203,2013,1,37,0,0.5244250493926306,2,-0.6935565063335111,-0.20374543196723224,0.6392400693507819,186,2,1,1
-0.7362492207269647,1565,1,25,1,-1.0512234642754696,3,-1.0521922144456535,-0.20374543196723224,-1.243050490913931,48,2,0,3
0.5315589723227835,1651,1,3,1,0.13051292097560552,1,-0.10539394502959748,-0.20374543196723224,0.6703188394433409,44,3,1,3
0.009105628582823997,2485,1,38,1,1.03088350021452,2,-0.9517742161742537,-0.20374543196723224,-0.09647397296233774,195,0,1,1
0.8483390817503164,1492,1,20,0,-1.5014087538949268,3,0.038060338215259504,-0.20374543196723224,0.27230782733417747,318,3,0,3
0.17189731747013834,2464,1,38,1,-1.3325892702876303,3,-0.04801223173165469,-0.20374543196723224,-0.895539900625985,212,0,0,1
-0.857259772732554,336,1,12,1,-1.1637697866803338,3,-0.7652836479559396,-0.20374543196723224,-1.166970961835259,147,2,0,0
-0.7972875071179625,913,1,1,1,0.7495176942023591,1,1.673439167206629,-0.20374543196723224,0.09605291995417453,286,2,1,2
0.1855148731945526,1401,1,14,0,-0.9386771418706054,3,-1.0235013577966823,-0.20374543196723224,-0.8065057248503646,53,0,0,3
-1.0074655389048797,1396,1,5,2,1.1434298226193842,0,0.7840226110885158,-0.20374543196723224,0.16962251848005278,354,2,1,3
-0.9430228635827783,1599,1,12,2,-1.0512234642754696,1,-1.1095739277435963,-0.20374543196723224,0.5235794771661815,251,2,0,3
1.6174902658108488,2485,1,23,1,0.9746103390120878,2,-1.1669556410415391,-0.20374543196723224,-0.09720657345256742,139,3,1,1
-0.4446409567294096,2279,1,34,0,-0.5447650134535803,1,-0.23450279994996878,-0.20374543196723224,-0.7264794396095399,340,1,0,1
-0.8704302874862172,2026,1,5,1,-0.8261308194657411,1,1.3291488874189723,-0.20374543196723224,-0.5774984230154454,331,2,0,1
0.3243039007292379,775,1,14,2,0.6369713717974949,4,-0.20581194330099736,-0.20374543196723224,0.4580710636120202,268,0,1,2
0.32323787995283176,2025,1,32,2,-0.038306562631690924,0,-1.224337354339482,-0.20374543196723224,0.10090252883315953,163,0,0,1
0.7269158765409569,597,1,23,0,-0.3196723686438517,1,0.16716919313563078,-0.20374543196723224,0.12898898706421694,211,3,0,0
-0.8941234589360186,667,1,30,2,1.1434298226193842,2,-0.1627756583275403,-0.20374543196723224,-1.0009982571103802,344,2,1,2
0.12227576971678074,1128,1,18,0,-0.9949503030730374,3,-0.2631936565989402,-0.20374543196723224,-1.2683200486684718,303,0,0,2
0.2246137642517718,400,1,27,1,-0.7135844970608767,1,-1.2673736393129391,-0.20374543196723224,0.3820044324293028,75,0,0,0
-0.8741097785531675,227,1,38,2,-0.8261308194657411,0,-0.5644476514131398,-0.20374543196723224,2.160552056371602,240,2,0,0
-0.5997985613469767,688,1,1,1,0.46815188819019843,2,0.9848586076313156,-0.20374543196723224,0.3516221487183002,165,1,1,2
-0.16544667661193907,218,1,6,2,-0.9386771418706054,1,-0.09104851670511178,-0.20374543196723224,-0.6547000690421806,306,0,0,0
0.5656028616338187,1591,1,34,2,0.5244250493926306,0,0.7409863261150588,-0.20374543196723224,-1.1436051335236386,168,3,1,3
-0.8081196537169283,1819,1,5,1,0.6369713717974949,0,-1.0091559294721966,-0.20374543196723224,1.8683373256208484,311,2,1,3
-0.09577706070874951,1486,1,6,1,-0.8824039806681732,1,0.4110414746518877,-0.20374543196723224,0.9430887022527175,13,0,0,3
0.024752062559107953,211,1,13,2,-1.1637697866803338,3,-0.6074839363865969,-0.20374543196723224,-0.907630388293965,360,0,0,0
-0.26737201794315996,2477,1,36,2,0.5244250493926306,1,-0.7365927913069682,-0.20374543196723224,0.5846174799824273,170,0,1,1
-0.5902043743593214,1589,1,3,1,-1.3888624314900626,3,-1.2673736393129391,-0.20374543196723224,-0.8420316894681205,258,1,0,3
-0.856847119528784,374,1,2,2,0.46815188819019843,1,-0.062357660056140386,-0.20374543196723224,-0.9613810798957786,117,2,1,0
1.0180427118007804,1715,1,22,2,1.6498882734412736,2,1.8455843071004574,-0.20374543196723224,0.6189903727018287,350,3,1,3
0.26041142967883024,1941,1,26,0,-1.2763161090851982,3,1.3148034590944866,-0.20374543196723224,-0.3115051147406928,243,0,0,1
-1.004301864342642,701,1,13,1,-0.7135844970608767,1,-1.4251733508822817,-0.20374543196723224,-0.08187355474156377,185,2,0,2
-0.5221509835042315,887,1,14,1,-0.15085288503655522,1,-0.650520221360054,-0.20374543196723224,0.45867984430108444,175,1,0,2
0.06804626118799018,1603,1,10,2,-0.9386771418706054,1,2.0320748753187714,-0.20374543196723224,0.9116513706526168,214,0,0,3
-0.9889649202691857,1234,1,37,2,-1.2763161090851982,4,0.29627804805600205,-0.20374543196723224,-1.0891192618524046,205,2,0,2
0.4280517937104436,33,1,13,2,-1.1074966254779017,3,-0.7652836479559396,-0.20374543196723224,0.5327576199275795,83,3,0,0
-0.38191766975635055,1422,1,41,1,0.1867860821780377,1,1.0709311775782298,-0.20374543196723224,-0.6267064756619971,198,1,1,3
2.0717612645695405,1675,1,21,1,0.8620640166072234,2,0.2675871914070307,-0.20374543196723224,-0.20490400467470696,193,3,1,3
-0.9301962264989238,535,1,32,2,0.017966598570741225,1,0.8270588960619729,-0.20374543196723224,0.9659308759885751,238,2,1,0
0.0008869522744021874,1672,1,2,2,0.9183371778096556,2,0.45407775962534475,-0.20374543196723224,-1.0371923327385921,227,0,1,3
0.15439394407688894,455,1,29,1,0.46815188819019843,2,-0.33492079822136867,-0.20374543196723224,-0.9459603554922829,160,0,1,0
-0.6783058333642431,673,1,36,0,0.4118787269877663,1,0.109787479837688,-0.20374543196723224,-0.3382630896884115,316,1,1,2
2.0093732583245445,2124,1,31,1,-0.9386771418706054,4,-1.4825550641802245,-0.20374543196723224,1.249104181675051,107,3,0,1
-0.5401701734021936,1096,1,16,2,0.4118787269877663,1,0.87009518103543,-0.20374543196723224,1.150115409801557,93,1,1,2
-0.8736283498154357,1518,1,26,0,-0.43221869104871596,1,0.3393143330294592,-0.20374543196723224,-0.09680931825716098,36,2,0,3
-0.6329139809495293,576,1,42,1,-0.7698576582633089,0,-1.4682096358557388,-0.20374543196723224,1.166124278260589,355,1,0,0
0.9357183976486402,264,1,26,1,-1.4451355926924947,3,-0.20581194330099736,-0.20374543196723224,-0.9806376385562164,131,3,0,0
-0.37050093111871046,731,1,28,0,-0.9386771418706054,3,-0.9948105011477107,-0.20374543196723224,-0.8236444489950329,164,1,0,2
-0.3334653060803417,1331,1,11,0,-1.3888624314900626,3,0.6262228995191731,-0.20374543196723224,-0.09680931825716098,310,1,0,3
-0.3703289922838062,496,1,24,1,1.3122493062266807,0,1.7021300238556005,-0.20374543196723224,1.465561830746001,145,1,1,0
2.0717612645695405,1220,1,22,1,-0.7698576582633089,1,0.2245509064335736,-0.20374543196723224,1.2557620755668915,33,3,0,2
0.3879556574107797,539,1,0,2,-0.5447650134535803,0,-0.9948105011477107,-0.20374543196723224,2.4386358523143348,301,0,0,0
0.18076936135119598,59,1,16,0,-0.9386771418706054,3,-0.10539394502959748,-0.20374543196723224,-1.1595882061907614,246,0,0,0
-0.046843268295008955,1470,1,3,2,-1.1637697866803338,3,0.87009518103543,-0.20374543196723224,-1.1622580706533943,292,0,0,3
-0.4984578120544302,1289,1,6,0,0.35560556578533414,2,-0.20581194330099736,-0.20374543196723224,-0.7512459794218456,330,1,1,3
0.48768018165522664,2037,1,38,2,-0.43221869104871596,1,-0.23450279994996878,-0.20374543196723224,1.002163645304651,189,3,0,1
1.0103054642300906,1186,1,25,0,1.9312540794534343,4,-0.37795708319482574,-0.20374543196723224,-0.48619937671017155,56,3,1,2
-0.8013452636217021,2485,1,6,2,1.03088350021452,2,-1.2673736393129391,-0.20374543196723224,-0.19940176226041179,150,2,1,1
-0.7556783090711416,1514,1,24,2,0.8057908554047913,4,0.1815146214601165,-0.20374543196723224,-1.1114300422749264,91,2,1,3
0.7028100518873853,1540,1,31,1,0.13051292097560552,1,1.2717671741210295,-0.20374543196723224,0.9576530063648183,309,3,1,3
2.0717612645695405,1610,1,18,0,1.087156661416952,2,-0.6361747930355683,-0.20374543196723224,-0.4994661524892245,203,3,1,3
-0.9897558389097452,1848,1,28,2,1.7624345958461378,2,-0.24884822827445446,-0.20374543196723224,-0.4667906228774678,202,2,1,3
-0.4235612555701524,2249,1,2,2,-1.3325892702876303,3,0.5831866145457161,-0.20374543196723224,-1.2092966972003576,192,1,0,1
-0.5067796516637944,797,1,6,0,0.46815188819019843,2,0.0524057665397452,-0.20374543196723224,-1.0509672856182621,233,1,1,2
0.3144346116057357,2393,1,8,1,0.46815188819019843,0,1.6877845955311148,-0.20374543196723224,1.1904987220358703,114,0,1,1
0.6448666645246637,1952,1,4,2,0.9183371778096556,2,1.5873665972597149,-0.20374543196723224,0.7225140447930122,284,3,1,1
-0.5871094753310453,1116,1,5,1,1.1434298226193842,2,0.6836046128171159,-0.20374543196723224,0.24049129759300691,103,1,1,2
-0.8415789509892894,1365,1,7,1,0.299332404582902,0,-1.2673736393129391,-0.20374543196723224,0.8581534778115163,75,2,1,3
0.3195583888858815,485,1,2,1,0.9746103390120878,0,1.3865306007169151,-0.20374543196723224,0.519978384615616,258,0,1,0
-0.46654596429620715,671,1,24,0,-1.4451355926924947,3,-0.22015737162548307,-0.20374543196723224,-1.2563275850097477,251,1,0,2
0.04469696740799718,828,1,35,2,1.2559761450242486,2,0.253241763082545,-0.20374543196723224,-0.1886345987173886,1,0,1,2
1.863122085355016,1156,1,31,0,-0.20712604623898737,0,2.2042200152126,-0.20374543196723224,-0.09680931825716098,301,3,0,2
-0.32400867016060964,2139,1,9,0,-1.3325892702876303,3,-1.224337354339482,-0.20374543196723224,-1.1369936720572351,169,1,0,1
1.469760418861144,222,1,13,1,-0.20712604623898737,0,0.21020547810908788,-0.20374543196723224,1.4996071169081522,118,3,0,0
-0.5907545786310148,352,1,42,0,-1.1637697866803338,3,-0.5931385080621112,-0.20374543196723224,-1.1524014985647764,124,1,0,0
0.6552517701528784,1973,1,18,1,0.4118787269877663,0,0.6405683278436588,-0.20374543196723224,0.6703188394433409,180,3,1,1
1.166219599721236,2252,1,17,1,0.07423975977317337,0,-0.5931385080621112,-0.20374543196723224,2.1043404462216224,259,3,1,1
-0.31334846239654807,1276,1,15,1,0.9746103390120878,2,0.3536597613539449,-0.20374543196723224,-0.393963943158583,184,1,1,3
-0.8850107006860951,2226,1,21,1,-1.1074966254779017,3,0.1815146214601165,-0.20374543196723224,-1.0801964974309104,278,2,0,1
-0.14708360904416848,877,1,26,1,-0.5447650134535803,0,-0.8083199329293967,-0.20374543196723224,0.17518667079493067,104,0,0,2
0.48152477136565575,2148,1,15,1,-0.4884918522511481,1,1.343494315743458,-0.20374543196723224,-0.15321955600484363,36,3,0,1
-0.24773660299709824,256,1,24,1,1.7624345958461378,2,-0.8083199329293967,-0.20374543196723224,0.630059347010193,136,0,1,0
1.5677999425235298,978,1,9,0,1.1434298226193842,0,-0.062357660056140386,-0.20374543196723224,2.419719798107102,171,3,1,2
-0.7505889195579767,296,1,38,1,-0.7698576582633089,0,-1.123919356068082,-0.20374543196723224,2.291207742393192,330,2,0,0
-0.8485940554533814,382,1,17,0,0.46815188819019843,0,-0.46402965314173994,-0.20374543196723224,-1.2700638442015537,298,2,1,0
-0.5651700799972671,1332,1,10,0,-1.5014087538949268,3,0.6405683278436588,-0.20374543196723224,-1.1306324297723538,334,1,0,3
-0.9804023662909556,2119,1,13,1,1.7624345958461378,2,-0.20581194330099736,-0.20374543196723224,0.6060021914753984,237,2,1,1
-0.7345642201449035,1507,1,20,0,0.9183371778096556,2,0.8270588960619729,-0.20374543196723224,-0.5271450372081121,143,2,1,3
-0.5080863868090664,1621,1,13,1,0.07423975977317337,1,0.8127134677374872,-0.20374543196723224,1.101562570269506,17,1,1,3
-0.7651349449908736,1277,1,22,2,0.8057908554047913,0,0.4110414746518877,-0.20374543196723224,2.2151385316312835,296,2,1,3
1.9937955998822225,1679,1,32,0,0.9746103390120878,2,-0.019321375082683293,-0.20374543196723224,-0.3523114779623222,31,3,1,3
1.0963092694491807,1786,1,17,0,-0.15085288503655522,0,0.1958600497846022,-0.20374543196723224,2.381879950955065,271,3,0,3
1.1907036898115968,1397,1,17,2,-0.4884918522511481,1,-0.9661196444987394,-0.20374543196723224,-0.5745344865250445,119,3,0,3
-0.9931946156078295,57,1,31,0,1.9312540794534343,2,-0.7796290762804253,-0.20374543196723224,0.134602151383723,223,2,1,0
-0.08889950731258076,738,1,21,1,1.8187077570485701,2,0.3393143330294592,-0.20374543196723224,-0.13800003877824188,28,0,1,2
0.6970672948015845,117,1,5,0,-1.1637697866803338,3,0.1958600497846022,-0.20374543196723224,-0.9974668131979706,141,3,0,0
1.873197701080403,919,1,1,1,-1.1074966254779017,3,2.4050560117554,-0.20374543196723224,-1.227129328147391,164,3,0,2
-0.5431619091295271,1916,1,13,2,1.8187077570485701,2,-0.9517742161742537,-0.20374543196723224,-0.5182841826872008,324,1,1,1
-0.2245936358189903,1045,1,24,1,0.8620640166072234,1,-0.5214113664396828,-0.20374543196723224,-0.10374064754324236,128,0,1,2
-0.016134992381115442,2470,1,8,0,1.5373419510364092,2,-1.2530282109884534,-0.20374543196723224,0.7328787939822469,191,0,1,1
-0.8005199572141619,2024,1,3,2,0.5244250493926306,0,1.9890385903453145,-0.20374543196723224,0.7338177608077526,30,2,1,1
-0.2116982232011739,1925,1,4,1,1.2559761450242486,0,-0.650520221360054,-0.20374543196723224,0.21596465864545955,275,0,1,1
-0.3268284670530389,1652,1,3,2,0.693244532999927,1,-0.5931385080621112,-0.20374543196723224,0.3975928294802104,343,1,1,3
-0.4658238211896094,1681,1,26,0,-0.9386771418706054,3,-1.5255913491536817,-0.20374543196723224,-0.9907470094055472,151,1,0,3
-0.9572250113458668,2275,1,1,1,0.46815188819019843,0,0.6979500411416016,-0.20374543196723224,0.8198260901923894,306,2,1,1
0.6017100169637046,1027,1,38,1,-0.6010381746560124,0,-1.123919356068082,-0.20374543196723224,2.022157632777164,270,3,0,2
-0.023218872379169267,1797,1,25,1,0.5806982105950628,1,1.8168934504514862,-0.20374543196723224,-0.09355904847656482,93,0,1,3
-0.8552996700146459,899,1,27,1,-0.9949503030730374,1,-1.1669556410415391,-0.20374543196723224,0.058187277010227564,164,2,0,2
0.21543223046788662,966,1,3,1,0.5806982105950628,0,-1.2817190676374248,-0.20374543196723224,-0.8625986743575605,19,0,1,2
-0.9073627492236436,807,1,13,2,-1.4451355926924947,3,1.9460023053718574,-0.20374543196723224,-1.207785063794461,21,2,0,2
-1.0074655389048797,1443,1,10,1,1.2559761450242486,2,0.29627804805600205,-0.20374543196723224,0.3033556424764452,128,2,1,3
-0.9111454035915363,652,1,13,2,0.35560556578533414,2,0.4253869029763734,-0.20374543196723224,-0.9551668736247815,25,2,1,2
-0.26331426143942044,1682,1,4,2,-0.9386771418706054,3,-0.24884822827445446,-0.20374543196723224,-1.040667025908801,294,0,0,3
0.6164279812315057,1618,1,15,1,1.8187077570485701,2,-0.29188451324791154,-0.20374543196723224,0.21899050503644338,165,3,1,3
-0.5325360891324463,132,1,24,1,-1.2200429478827661,3,-1.0091559294721966,-0.20374543196723224,-1.1137155494381075,199,1,0,0
-0.6909949193801744,2271,1,42,2,-0.9949503030730374,3,-0.40664793984379716,-0.20374543196723224,-0.8726719310982181,120,1,0,1
-0.8446394622505844,427,1,20,1,0.07423975977317337,1,1.1426583192006583,-0.20374543196723224,1.0016116153577879,270,2,1,0
2.0717612645695405,2407,1,17,3,0.8620640166072234,2,-0.23450279994996878,-0.20374543196723224,0.6982943757691877,171,3,1,1
-0.8460149729298182,1501,1,4,0,0.9746103390120878,0,0.9418223226578585,-0.20374543196723224,0.8156807064325332,78,2,1,3
-0.3841184868431246,2396,1,7,1,-1.2763161090851982,3,0.5688411862212304,-0.20374543196723224,-1.1538409037533262,76,1,0,1
-0.011114378401912125,104,1,34,2,-0.26339920744141954,1,-1.0665376427701392,-0.20374543196723224,-0.7272610521043976,121,0,0,0
-0.9401342911563876,1799,1,22,1,-0.7135844970608767,1,-0.10539394502959748,-0.20374543196723224,1.2534404542950368,198,2,0,3
-0.039587449462050874,2051,1,1,0,-0.9386771418706054,3,-0.37795708319482574,-0.20374543196723224,-1.2747457804331268,291,0,0,1
-0.5752800834896351,226,1,39,0,-0.7698576582633089,1,0.8557497527109443,-0.20374543196723224,0.6377490725784132,259,1,0,0
1.5345813596200344,1366,1,27,0,0.299332404582902,1,0.7840226110885158,-0.20374543196723224,-0.25744745321515616,176,3,1,3
0.003741136933812361,235,1,25,0,-0.9386771418706054,3,-0.33492079822136867,-0.20374543196723224,-0.8846050644355501,316,0,0,0
-0.22301179853787156,1260,1,16,0,1.1997029838218163,0,-1.5399367774781674,-0.20374543196723224,0.15623966163740702,303,0,1,3
-0.0032739675302798387,2364,1,6,1,0.13051292097560552,1,-1.0521922144456535,-0.20374543196723224,0.20335567556009862,84,0,1,1
0.020935020424234247,1216,1,20,2,0.5806982105950628,0,2.2329108718615713,-0.20374543196723224,0.03349296541526836,342,0,1,2
-0.741716875676919,1746,1,29,0,0.7495176942023591,1,-0.9087379312007966,-0.20374543196723224,0.6912005329940767,54,2,1,3
1.6465823166766427,1538,1,23,1,1.9312540794534343,2,0.5544957578967447,-0.20374543196723224,-0.31232542092341486,109,3,1,3
-0.40695196411840484,2451,1,3,1,-1.0512234642754696,3,0.23889633475805927,-0.20374543196723224,-1.0046096679777095,95,1,0,1
-0.2918217202665399,1733,1,16,2,-1.3888624314900626,3,0.8844406093599158,-0.20374543196723224,-1.0787622514007424,143,0,0,3
-0.9613515433835682,2434,1,29,2,-1.2200429478827661,3,1.4295668856903723,-0.20374543196723224,-1.0821956713038963,36,2,0,1
-0.5933680489215589,910,1,5,0,-1.2200429478827661,3,0.7553317544395445,-0.20374543196723224,1.1829018613185245,101,1,0,2
-0.8885870284521027,1616,1,35,0,1.03088350021452,0,0.2245509064335736,-0.20374543196723224,0.9125619621070221,221,2,1,3
-0.09278532498141609,1839,1,38,0,0.4118787269877663,1,-1.4682096358557388,-0.20374543196723224,-0.9847030553611527,96,0,1,3
1.0613712981966432,1080,1,23,0,-1.3325892702876303,3,-1.2386827826639677,-0.20374543196723224,-1.2168032726460203,197,3,0,2
-0.29371304745048626,16,1,2,0,0.8620640166072234,1,-1.1382647843925677,-0.20374543196723224,1.2298837371232865,358,1,1,0
-0.9201549985405173,166,1,26,1,0.7495176942023591,0,-1.123919356068082,-0.20374543196723224,1.7929233279734411,310,2,1,0
1.3924567186882073,1199,1,39,2,0.9183371778096556,2,-0.793974504604911,-0.20374543196723224,0.3956658838245711,206,3,1,2
1.9448618074684816,952,1,18,1,0.693244532999927,0,-0.6792110780090255,-0.20374543196723224,1.2366706099746745,341,3,1,2
0.39270116925413634,1793,1,20,3,-1.2763161090851982,3,-1.0665376427701392,-0.20374543196723224,-1.2789504945143744,287,3,0,3
-0.8934013158294207,1554,1,41,1,-0.20712604623898737,1,-0.5787930797376255,-0.20374543196723224,-0.5825930919175706,85,2,0,3
-0.5473916044681708,19,1,26,0,-0.8261308194657411,0,-0.3492662265458544,-0.20374543196723224,1.43689496719698,306,1,0,0
-0.44244013964263557,904,1,27,2,0.35560556578533414,0,-1.5399367774781674,-0.20374543196723224,1.4297908061051048,36,1,1,2
0.4615110909828047,1892,1,3,1,-1.1637697866803338,3,-0.37795708319482574,-0.20374543196723224,-1.1711679371789336,276,3,0,1
-0.9728370575551699,2351,1,31,1,-1.1637697866803338,3,-1.4251733508822817,-0.20374543196723224,-1.0717045227343047,84,2,0,1
1.189500117967267,955,1,17,0,1.7624345958461378,2,-0.7652836479559396,-0.20374543196723224,-0.8456379411770679,253,3,1,2
-0.4185062538239684,2202,1,19,2,-0.9386771418706054,1,0.7122954694660873,-0.20374543196723224,1.074456352131009,343,1,0,1
0.020797469356310803,2067,1,17,0,-0.4884918522511481,1,0.7983680394130015,-0.20374543196723224,1.102805927439544,68,0,0,1
2.0717612645695405,2439,1,43,0,1.2559761450242486,2,-0.9661196444987394,-0.20374543196723224,-0.9352422039538879,186,3,1,1
0.37839585819010524,2306,1,27,2,1.1997029838218163,2,-0.5070659381151971,-0.20374543196723224,-0.8102564329940053,143,0,1,1
-0.13917442263857435,644,1,27,2,0.46815188819019843,2,0.7553317544395445,-0.20374543196723224,-0.23380045077172257,0,0,1,2
-0.7421295288806892,1813,1,17,2,-1.4451355926924947,3,-0.32057536989688296,-0.20374543196723224,-1.0703863577677297,2,2,0,3
-0.6911668582150786,568,1,1,2,-1.2763161090851982,3,-1.324755352610882,-0.20374543196723224,-1.2479387934807802,173,1,0,0
0.28462041763334434,23,1,16,1,-0.20712604623898737,0,-0.019321375082683293,-0.20374543196723224,1.9249745663373343,0,0,0,0
2.0717612645695405,1231,1,12,2,-1.2763161090851982,3,-0.7796290762804253,-0.20374543196723224,0.9074131220418867,14,3,0,2
-0.5315732316569827,1098,1,15,1,-1.5014087538949268,3,-1.324755352610882,-0.20374543196723224,-1.1827218723751962,201,1,0,2
1.8936584224340054,1113,1,17,1,-0.9386771418706054,3,0.7983680394130015,-0.20374543196723224,-1.209069694231554,187,3,0,2
-0.005474784617053793,845,1,9,1,1.1997029838218163,0,-1.2673736393129391,-0.20374543196723224,2.025518824462971,90,0,1,2
-0.9570530725109627,2168,1,5,1,1.3122493062266807,2,1.343494315743458,-0.20374543196723224,0.32817377387256985,234,2,1,1
1.0538403772278386,1561,1,11,1,-0.9386771418706054,3,-1.0235013577966823,-0.20374543196723224,-1.2875766073289097,115,3,0,3
-0.8331195603120017,2196,1,30,1,0.693244532999927,2,0.39669604632740196,-0.20374543196723224,-0.8755559006336995,124,2,1,1
0.4057685207068568,2483,1,37,2,-0.8824039806681732,0,2.2185654435370856,-0.20374543196723224,0.12650485230333283,102,3,0,1
2.026876631717794,1536,1,7,1,0.9183371778096556,2,-0.7222473629824825,-0.20374543196723224,0.7209508198032967,126,3,1,3
0.49263202010046814,2254,1,38,2,0.24305924338046983,1,-0.44968422481725423,-0.20374543196723224,-0.9335396816878613,236,3,1,1
-0.29371304745048626,565,1,26,0,0.6369713717974949,2,2.3763651551064284,-0.20374543196723224,-0.922633220868527,63,1,1,0
-0.7578447383909348,93,1,10,1,-1.5014087538949268,3,1.4295668856903723,-0.20374543196723224,0.22354604188766006,226,2,0,0
1.0286685317978608,1467,1,35,0,-1.4451355926924947,3,0.6118774711946875,-0.20374543196723224,-0.8862508359593759,238,3,0,3
-0.9997970668681516,1454,1,6,1,1.7624345958461378,2,-0.7079019346579968,-0.20374543196723224,-0.46914319909961383,184,2,1,3
-0.16310830845724167,1504,1,5,0,-1.0512234642754696,1,1.1139674625516869,-0.20374543196723224,-0.5361477685845257,94,0,0,3
0.42898026341892637,1505,1,38,1,-1.3888624314900626,3,-0.7509382196314539,-0.20374543196723224,-1.2226021666672748,238,3,0,3
-0.367956236362128,390,1,33,1,0.7495176942023591,1,-1.3677916375843389,-0.20374543196723224,0.37686591068093145,304,1,1,0
-0.7688488238248047,1955,1,1,1,1.7624345958461378,2,1.343494315743458,-0.20374543196723224,-0.7337409550320626,243,2,1,1
-0.37359583014698644,1004,1,17,2,1.7061614346437057,2,1.1283128908761726,-0.20374543196723224,-0.02051568410564024,225,1,1,2
-0.9155814255320651,907,1,17,1,0.9746103390120878,0,0.038060338215259504,-0.20374543196723224,1.8620276749197857,55,2,1,2
2.0717612645695405,948,1,38,1,-1.3888624314900626,3,-0.019321375082683293,-0.20374543196723224,-1.2096036671240804,179,3,0,2
2.0717612645695405,1900,1,28,2,-0.20712604623898737,0,0.43973233130085904,-0.20374543196723224,0.35859475127143653,4,3,0,1
-0.4351155452757159,1011,1,37,1,0.9746103390120878,2,0.1958600497846022,-0.20374543196723224,0.016403253275228256,101,1,1,2
-0.8258293537120628,408,1,2,1,0.5244250493926306,0,0.0237149098907738,-0.20374543196723224,0.9987353845598793,142,2,1,0
-0.8377962966213965,739,1,19,0,-0.6010381746560124,0,-0.7079019346579968,-0.20374543196723224,0.7237264470127583,52,2,0,2
0.9988199500584887,1392,1,29,2,-0.9949503030730374,3,0.3536597613539449,-0.20374543196723224,-1.1888148384242188,178,3,0,3
-0.29371304745048626,46,1,31,1,-0.09457972383412307,0,-0.6361747930355683,-0.20374543196723224,2.237784657348628,36,1,0,0
-0.9473901099893457,1337,1,16,2,0.9746103390120878,2,-0.07670308838062609,-0.20374543196723224,0.5890182420821871,211,2,1,3
2.0717612645695405,2127,1,2,0,-1.0512234642754696,3,0.3536597613539449,-0.20374543196723224,-1.0252824156139784,15,3,0,1
-0.759117085769226,1274,1,0,2,-0.6010381746560124,0,0.9992040359558013,-0.20374543196723224,2.4908439555599604,327,2,0,3
-0.4352874841106201,1241,1,20,1,-0.9949503030730374,3,0.5258049012477732,-0.20374543196723224,-0.09680931825716098,352,1,0,2
-0.4857687260384988,1544,1,33,0,1.3122493062266807,0,-1.4969004925047102,-0.20374543196723224,0.06469297572980191,120,1,1,3
-0.5557822196114967,545,1,7,2,1.5373419510364092,2,-0.9948105011477107,-0.20374543196723224,0.19830227992502883,253,1,1,0
-0.884769986317229,958,1,29,0,0.6369713717974949,2,-1.1669556410415391,-0.20374543196723224,0.20123526146513834,326,2,1,2
0.5326937686331512,722,1,15,2,-0.6573113358584446,1,-1.4969004925047102,-0.20374543196723224,-0.1877575417924659,208,3,0,2
-0.9548178676572078,1730,1,7,2,0.017966598570741225,1,0.5831866145457161,-0.20374543196723224,0.8690754161059958,321,2,1,3
0.20023283746235362,1601,1,13,2,-1.0512234642754696,3,-1.2386827826639677,-0.20374543196723224,-1.2701670273691916,251,0,0,3
0.450197515646107,595,1,33,0,-0.09457972383412307,1,1.673439167206629,-0.20374543196723224,-0.6876799889984693,329,3,0,0
-0.14412626108381585,170,1,4,1,-1.2200429478827661,3,-0.24884822827445446,-0.20374543196723224,-1.1374657350491792,315,0,0,0
-0.9535455202789166,1244,1,9,0,-0.9949503030730374,1,-0.07670308838062609,-0.20374543196723224,-0.0953957088605208,360,2,0,3
-0.3665807256828943,1059,1,3,0,0.24305924338046983,0,2.0894565886167142,-0.20374543196723224,2.008060232498625,145,1,1,2
-0.7062974756866499,632,1,17,0,0.017966598570741225,2,0.8557497527109443,-0.20374543196723224,-0.6982459453645982,16,1,1,2
-0.30997846123242545,2318,1,28,2,0.8057908554047913,2,0.12413290816217369,-0.20374543196723224,0.6493133260914395,258,1,1,1
-0.6999701265621746,658,1,5,2,0.4118787269877663,2,-0.9661196444987394,-0.20374543196723224,-1.056278639172427,198,1,1,2
0.8638479646586769,2004,1,28,0,-0.9386771418706054,3,0.7409863261150588,-0.20374543196723224,-0.9675643312164846,360,3,0,1
1.1839292997163704,2338,1,7,0,-1.2200429478827661,3,-1.3534462092598532,-0.20374543196723224,-0.9047283617041468,58,3,0,1
0.06113432002484061,763,1,9,1,-0.9949503030730374,3,-1.4395187792067674,-0.20374543196723224,-1.0327373994758222,53,0,0,2
1.8558318787550772,385,1,41,2,0.9183371778096556,2,-0.8083199329293967,-0.20374543196723224,-0.8712557421223868,348,3,1,0
2.0717612645695405,712,1,37,0,-0.8824039806681732,1,-0.9661196444987394,-0.20374543196723224,0.924280990371505,333,3,0,2
-0.36905664490551504,558,1,4,1,0.46815188819019843,0,-0.8226653612538825,-0.20374543196723224,1.926777692191808,188,1,1,0
-0.7047156384055311,1227,1,23,1,1.2559761450242486,2,-0.5644476514131398,-0.20374543196723224,-0.8762807623863563,129,1,1,2
1.0754702826587892,1371,1,42,0,1.8749809182510022,2,0.7122954694660873,-0.20374543196723224,-0.4190193958402749,116,3,1,3
1.934407926306305,1399,1,7,1,1.8749809182510022,2,-0.7365927913069682,-0.20374543196723224,-1.0221895001640302,33,3,1,3
-0.6766208327821818,1190,1,30,0,0.299332404582902,0,-0.8083199329293967,-0.20374543196723224,0.3311454491005435,184,1,1,2
-0.921564896986732,1420,1,40,2,-0.26339920744141954,0,-0.980465072823225,-0.20374543196723224,-1.1424572207836663,315,2,0,3
-0.6385535747343877,879,1,6,2,1.424795628631545,0,-0.5214113664396828,-0.20374543196723224,0.497327099739889,275,1,1,2
0.598993383372218,482,1,16,2,1.3685224674291128,0,0.0667511948642309,-0.20374543196723224,2.033128583076272,286,3,1,0
-0.8409255834166534,1693,1,37,1,-0.9386771418706054,3,-0.33492079822136867,-0.20374543196723224,-1.2909223215395709,108,2,0,3
-0.7501762663542065,1385,1,28,1,-0.7135844970608767,0,-0.9661196444987394,-0.20374543196723224,-0.9669684484233753,109,2,0,3
-0.8561937519561479,1716,1,10,1,-1.1074966254779017,3,-1.1813010693660249,-0.20374543196723224,-0.8924005527505995,331,2,0,3
0.12791536350163926,561,1,14,1,0.4118787269877663,0,-1.0665376427701392,-0.20374543196723224,0.033008004527369836,324,0,1,0
-0.9143778536877355,1270,1,14,0,-0.6573113358584446,0,2.5198194383512855,-0.20374543196723224,2.3833374131979506,259,2,0,3
1.4224772392624836,474,1,36,2,1.2559761450242486,2,-0.062357660056140386,-0.20374543196723224,0.13314468914083666,139,3,1,0
-0.26321109813847793,1741,1,25,0,-0.20712604623898737,1,-1.0235013577966823,-0.20374543196723224,-0.43114599761692834,10,0,0,3
-0.9267230620338586,2426,1,1,0,-0.8824039806681732,0,-0.33492079822136867,-0.20374543196723224,1.4339465081817246,199,2,0,1
-0.6714282799680744,1450,1,40,0,0.24305924338046983,1,-0.30622994157239725,-0.20374543196723224,-0.7972192397629466,135,1,1,3
-0.46121586041417634,858,1,27,0,0.8057908554047913,1,0.39669604632740196,-0.20374543196723224,1.1328348088013864,296,1,1,2
-0.9843569594937527,1312,1,18,0,0.5806982105950628,2,-1.2817190676374248,-0.20374543196723224,-0.6800831282811232,282,2,1,3
-0.08958726265219759,587,1,20,1,-0.3759455298462838,0,-1.1813010693660249,-0.20374543196723224,0.36451230593547473,346,0,0,0
-0.3247308132672074,72,1,27,2,-1.3888624314900626,3,0.21020547810908788,-0.20374543196723224,-0.09680931825716098,301,1,0,0
-0.16916055544587014,977,1,35,0,-0.3196723686438517,1,0.46842318794983046,-0.20374543196723224,-1.1171283327077337,55,0,0,2
1.3390525165669567,1846,1,10,0,0.9183371778096556,2,-0.10539394502959748,-0.20374543196723224,-0.7385983026486204,74,3,1,3
0.2162231491084459,88,1,17,2,-1.1074966254779017,3,2.4337468684043713,-0.20374543196723224,-1.2613809806448177,161,0,0,0
-0.6425769434711464,780,1,39,1,-0.3759455298462838,0,-0.42099336816828287,-0.20374543196723224,2.008630319499825,273,1,0,2
-0.2787199810468384,1895,1,8,1,-0.8261308194657411,1,0.253241763082545,-0.20374543196723224,0.9254779151161059,330,0,0,1
0.6670811619942887,2485,1,8,2,1.1997029838218163,2,0.5258049012477732,-0.20374543196723224,0.3365599858223463,201,3,1,1
-0.24928405251123617,309,1,6,2,1.087156661416952,2,-0.7365927913069682,-0.20374543196723224,0.16976439533555504,268,0,1,0
1.0909791655671497,829,1,9,0,1.3122493062266807,2,-0.980465072823225,-0.20374543196723224,-0.09680931825716098,109,3,1,2
1.0729599756691877,2069,1,13,2,0.5806982105950628,1,0.540150329572259,-0.20374543196723224,-0.5464144937645045,354,3,1,1
-0.37902909732995965,1137,1,30,1,0.1867860821780377,1,2.4194014400798856,-0.20374543196723224,-0.09680931825716098,55,1,1,2
1.86858974030497,542,1,7,1,-1.3888624314900626,3,-0.7365927913069682,-0.20374543196723224,-0.9989784466038668,348,3,0,0
-0.32129203656912303,2403,1,31,0,0.8620640166072234,0,-0.7652836479559396,-0.20374543196723224,2.186861184540095,200,1,1,1
-0.7080168640356921,2178,1,7,0,-1.0512234642754696,1,2.3620197267819427,-0.20374543196723224,0.5179663128466756,266,1,0,1
-0.8138280230357483,2240,1,0,1,0.9183371778096556,2,0.038060338215259504,-0.20374543196723224,0.5485394854178084,106,2,1,1
0.3340700265517976,889,1,22,1,1.5373419510364092,2,-1.037846786121168,-0.20374543196723224,0.569890662381297,343,0,1,2
-0.9538550101817442,2156,1,7,0,-0.09457972383412307,0,-1.0665376427701392,-0.20374543196723224,1.222255921455649,300,2,0,1
0.8962756289216123,697,1,42,2,1.9875272406558664,2,-1.0091559294721966,-0.20374543196723224,-0.5521979103106132,211,3,1,2
-0.8242819041979249,1563,1,4,2,-0.7698576582633089,0,-0.29188451324791154,-0.20374543196723224,1.087114347220998,311,2,0,3
0.3387123750942114,1426,1,24,2,-1.5014087538949268,3,0.6836046128171159,-0.20374543196723224,-0.8629520767067206,118,0,0,3
-0.02655448577631101,1060,1,27,0,1.7061614346437057,2,-0.04801223173165469,-0.20374543196723224,0.14809077097319767,334,0,1,2
-0.8619708968089296,583,1,37,2,-0.6573113358584446,0,1.630402882233172,-0.20374543196723224,0.030007953928295597,260,2,0,0
0.13317669184970826,1481,1,34,0,1.03088350021452,2,-1.037846786121168,-0.20374543196723224,0.34463148911082714,359,0,1,3
0.31395318286800394,1650,1,39,2,-1.1637697866803338,3,-0.7365927913069682,-0.20374543196723224,-1.2432774938827345,253,0,0,3
0.7705883406066285,541,1,34,2,0.35560556578533414,1,-0.7652836479559396,-0.20374543196723224,1.055393261909893,144,3,1,0
1.6871942694810191,1112,1,22,2,-1.1074966254779017,3,-1.1526102127170534,-0.20374543196723224,-1.240398683505635,21,3,0,2
-0.9115236690283256,996,1,33,0,0.1867860821780377,0,0.0237149098907738,-0.20374543196723224,-1.1261155866090016,99,2,1,2
-0.9438481699903186,784,1,30,0,-1.3325892702876303,3,-0.42099336816828287,-0.20374543196723224,-1.008370694438114,354,2,0,2
-0.32204856744270155,125,1,38,0,0.6369713717974949,2,0.8844406093599158,-0.20374543196723224,-0.9149796094089799,172,1,1,0
0.06591421963517785,403,1,33,1,0.24305924338046983,0,0.7553317544395445,-0.20374543196723224,0.6733498449927066,345,0,1,0
-0.35949684568484047,2458,1,0,2,0.5244250493926306,1,-1.1526102127170534,-0.20374543196723224,-0.644567481980131,18,1,1,1
2.0717612645695405,1095,1,28,2,1.1997029838218163,2,-0.980465072823225,-0.20374543196723224,-0.7866120101297626,168,3,1,2
-1.0196388084160983,2199,1,28,2,-1.3888624314900626,3,0.7696771827640301,-0.20374543196723224,-0.8450007851169032,82,2,0,1
-0.2957419257023561,990,1,23,0,1.4810687898339772,2,0.5975320428702018,-0.20374543196723224,0.07409812146000361,297,1,1,2
0.37784565391841163,2099,1,23,0,0.693244532999927,0,-0.17712108665202597,-0.20374543196723224,2.0343332465584454,277,0,1,1
0.4337257752622828,391,1,40,0,-0.26339920744141954,1,-0.11973937335408318,-0.20374543196723224,0.6467079511085807,268,3,0,0
-0.9496253148431004,1139,1,30,0,-0.5447650134535803,0,1.5156394556372865,-0.20374543196723224,1.9066698723983568,146,2,0,2
-0.4208446219786658,49,1,37,0,-1.4451355926924947,3,-1.1956464976905106,-0.20374543196723224,-1.0272712711702006,277,1,0,0
-0.993504105510657,1926,1,34,1,1.7624345958461378,2,-0.40664793984379716,-0.20374543196723224,-0.3836920588202223,88,2,1,1
-0.29371304745048626,27,1,10,2,0.24305924338046983,1,-1.080883071094625,-0.20374543196723224,0.026538419916468634,152,1,1,0
-0.8319159884676722,1645,1,37,1,0.7495176942023591,2,-1.1382647843925677,-0.20374543196723224,-0.6144431561882234,193,2,1,3
-0.3166153002597283,1765,1,28,1,0.24305924338046983,0,-0.3492662265458544,-0.20374543196723224,0.0019679281226751264,243,1,1,3
-0.9636211360043038,1687,1,40,1,-1.0512234642754696,1,0.5688411862212304,-0.20374543196723224,0.25289907350147384,108,2,0,3
-0.7065038022885349,2111,1,25,1,0.7495176942023591,1,-0.6074839363865969,-0.20374543196723224,-0.6426508546412557,119,1,1,1
-0.34828643364908535,1066,1,22,0,-0.7698576582633089,0,-0.10539394502959748,-0.20374543196723224,1.7744200064367608,132,1,0,2
-0.8499007905986535,2319,1,32,0,0.5806982105950628,1,-0.11973937335408318,-0.20374543196723224,-0.32708577305402753,60,2,1,1
0.654701565881185,1,1,20,1,-0.9386771418706054,3,-0.5070659381151971,-0.20374543196723224,-1.2351518194312439,358,3,0,0
0.3742349383854232,1447,1,40,2,-0.43221869104871596,1,-1.080883071094625,-0.20374543196723224,1.1982993695093014,181,0,0,3
0.7433876169247812,1933,1,8,1,0.693244532999927,1,0.3393143330294592,-0.20374543196723224,1.154392352100151,222,3,1,1
0.16907752057770917,1878,1,32,0,-0.7698576582633089,0,0.6262228995191731,-0.20374543196723224,0.6488051489908226,316,0,0,1
0.20559732911136527,1877,1,27,2,0.13051292097560552,1,-0.9661196444987394,-0.20374543196723224,-0.6767967443918534,333,0,1,1
-0.9850791026003504,90,1,21,2,-0.4884918522511481,1,2.304638013484,-0.20374543196723224,-0.7665222473906482,290,2,0,0
-0.2925782511401185,1974,1,1,1,-0.8261308194657411,0,-0.11973937335408318,-0.20374543196723224,0.3362349588442869,87,0,0,1
-0.25887823949889155,1707,1,28,1,-1.2200429478827661,3,1.0996220342272012,-0.20374543196723224,-1.1355697443438313,326,0,0,3
-0.06376204964958394,814,1,14,2,0.1867860821780377,1,-0.5214113664396828,-0.20374543196723224,0.8231795431406237,203,0,1,2
-0.6186086698854983,1852,1,22,0,0.017966598570741225,0,2.060765731967743,-0.20374543196723224,0.6727384847244515,219,1,1,3
0.11003372467160036,636,1,36,2,-0.3196723686438517,0,1.831238878775972,-0.20374543196723224,0.47919007844832334,214,0,0,2
-0.7539245329551185,1350,1,21,1,0.5244250493926306,2,-0.9230833595252823,-0.20374543196723224,0.012691238819452147,49,2,1,3
0.429736794292505,1129,1,38,2,1.2559761450242486,0,-0.23450279994996878,-0.20374543196723224,1.785517356116225,235,3,1,2
0.058176972064488,484,1,28,1,1.5936151122388413,2,0.46842318794983046,-0.20374543196723224,0.5118604489016982,240,0,1,0
0.3952802517776996,1131,1,42,1,-0.8824039806681732,0,0.48276861627431616,-0.20374543196723224,0.8849140323384258,319,3,0,2
0.728875979258865,1283,1,6,1,0.8057908554047913,2,-0.4353387964927685,-0.20374543196723224,0.6529350552755325,164,3,1,3
-0.4941249534148438,2234,1,29,0,-1.1637697866803338,3,1.1713491758496297,-0.20374543196723224,-0.9846746799900522,186,1,0,1
-0.9414066385346788,1061,1,19,1,1.03088350021452,2,0.6692591844926302,-0.20374543196723224,0.21909626778327226,171,2,1,2
-0.7822944407143146,2027,1,20,2,-1.1074966254779017,3,0.1384783364866594,-0.20374543196723224,-1.1351853870443798,277,2,0,1
-0.8442955845807759,1597,1,2,1,-0.9386771418706054,3,-0.7652836479559396,-0.20374543196723224,-0.868028688554509,328,2,0,3
0.38128443061649603,1432,1,10,0,-1.1074966254779017,3,2.060765731967743,-0.20374543196723224,-1.247386763533917,134,0,0,3
0.55872530823765,943,1,40,1,-1.1074966254779017,3,-0.8657016462273395,-0.20374543196723224,-1.284279905122876,323,3,0,2
0.016464610716724518,260,1,39,1,0.24305924338046983,0,-0.019321375082683293,-0.20374543196723224,1.3620691136051093,240,0,1,0
-0.9597697061024493,1182,1,36,2,1.03088350021452,0,-0.40664793984379716,-0.20374543196723224,-1.0476241509867916,271,2,1,2
-1.0023417616247339,511,1,37,2,-0.7135844970608767,0,0.1815146214601165,-0.20374543196723224,2.0087902534096638,280,2,0,0
0.3596889129525262,1726,1,20,1,-0.09457972383412307,1,1.8886205920739145,-0.20374543196723224,0.7994474145838887,317,0,0,3
-0.5205347584561318,1232,1,40,2,-0.3759455298462838,1,-1.3677916375843389,-0.20374543196723224,0.03484724449051682,209,1,0,2
0.8925961378546623,1966,1,39,2,-0.43221869104871596,0,-1.0521922144456535,-0.20374543196723224,1.7607533958831103,49,3,0,1
-0.9025484618463253,774,1,30,0,-1.1637697866803338,3,1.8886205920739145,-0.20374543196723224,-0.9350048826683205,302,2,0,2
1.6637418124000838,1188,1,40,2,-1.2200429478827661,3,0.36800518967843054,-0.20374543196723224,0.36215715013413785,38,3,0,2
-0.04856265664405114,475,1,13,0,-0.5447650134535803,0,0.5975320428702018,-0.20374543196723224,2.2421054524934685,148,0,0,0
0.029222472266617488,1809,1,19,2,1.3122493062266807,0,0.39669604632740196,-0.20374543196723224,2.0247759056559773,188,0,1,3
-0.38157379208654213,1751,1,2,2,-0.7135844970608767,0,-0.04801223173165469,-0.20374543196723224,1.1554731957811584,232,1,0,3
-0.7935392405170506,1863,1,25,2,0.24305924338046983,4,0.8557497527109443,-0.20374543196723224,-0.42135133542889336,42,2,1,3
0.5198671315492964,80,1,40,1,-0.8824039806681732,1,-0.6361747930355683,-0.20374543196723224,0.6281272421961717,177,3,0,0
-0.060082558582633686,1148,1,28,0,-1.4451355926924947,3,-1.0235013577966823,-0.20374543196723224,-1.010109330812814,57,0,0,2
-0.29371304745048626,827,1,16,2,-0.6573113358584446,0,-1.324755352610882,-0.20374543196723224,1.7939345230162933,37,1,0,2
1.0810754886766667,1475,1,11,0,-0.9949503030730374,3,0.0237149098907738,-0.20374543196723224,-1.0876979137181912,180,3,0,3
-0.07418154304477971,1560,1,27,2,0.5244250493926306,1,-0.5501022230886541,-0.20374543196723224,-1.0006912871866573,207,0,1,3
0.45054139331591553,354,1,38,1,-1.5014087538949268,3,0.9992040359558013,-0.20374543196723224,-0.9363178884765138,151,3,0,0
0.5927004220147236,2485,1,35,0,0.5244250493926306,0,0.2819326197315164,-0.20374543196723224,-0.9916214867512791,67,3,1,1
-0.6669922580275455,2287,1,39,1,1.7624345958461378,2,-1.037846786121168,-0.20374543196723224,-0.4850978963956361,104,1,1,1
-0.9427821492139125,2411,1,39,2,-1.4451355926924947,3,0.36800518967843054,-0.20374543196723224,-1.0312464027034536,24,2,0,1
-0.785733217412399,1051,1,4,2,0.6369713717974949,1,2.491128581702314,-0.20374543196723224,-0.4891504153046177,121,2,1,2
-0.9048180544670611,1737,1,27,2,1.03088350021452,0,0.38235061800291625,-0.20374543196723224,1.9631961912096323,61,2,1,3
0.22664264250364166,108,1,24,0,1.03088350021452,2,0.253241763082545,-0.20374543196723224,-0.7915777000723402,7,0,1,0
-0.7687112727568813,1152,1,37,1,-1.3888624314900626,3,0.7553317544395445,-0.20374543196723224,-0.9801243022972174,358,2,0,2
1.2301120707716438,2172,1,2,2,-1.1074966254779017,3,-0.22015737162548307,-0.20374543196723224,-1.2755480295615123,136,3,0,1
-0.9567091948411542,748,1,22,1,0.24305924338046983,1,0.5975320428702018,-0.20374543196723224,-0.22675304042204875,77,2,1,2
0.3173231840321267,45,1,9,0,-0.9949503030730374,3,-1.123919356068082,-0.20374543196723224,-1.121704506192478,304,0,0,0
-0.9951547183257377,522,1,15,2,1.2559761450242486,2,-0.10539394502959748,-0.20374543196723224,-0.5637853800363581,235,2,1,0
-0.6440556174513226,1168,1,3,2,0.017966598570741225,2,-0.37795708319482574,-0.20374543196723224,0.583776537166178,63,1,1,2
-0.7904443414887746,196,1,39,0,-0.3196723686438517,0,-0.49272050979071136,-0.20374543196723224,-1.0933033393001244,236,2,0,0
0.13310791631574664,432,1,28,1,0.017966598570741225,1,0.5114594729232875,-0.20374543196723224,-0.5381624199326572,22,0,1,0
-0.8893779470926622,2460,1,0,2,-1.4451355926924947,3,0.7840226110885158,-0.20374543196723224,-1.0293013999934777,216,2,0,1
2.0717612645695405,2405,1,11,1,0.8620640166072234,0,0.7696771827640301,-0.20374543196723224,1.734593883307692,190,3,1,1
0.21749549648673713,258,1,9,2,1.3122493062266807,2,-0.7365927913069682,-0.20374543196723224,0.3330723947561828,150,0,1,0
0.9316950289118816,243,1,22,2,1.03088350021452,0,-0.5644476514131398,-0.20374543196723224,2.2635391759910672,256,3,1,0
-0.27022620260257,942,1,2,0,-1.4451355926924947,3,0.9418223226578585,-0.20374543196723224,-1.1578624677120164,244,0,0,2
-0.2984241715268619,1667,1,10,0,-1.4451355926924947,3,-1.1382647843925677,-0.20374543196723224,-0.8180854558385366,315,1,0,3
-0.9826375711447105,2120,1,40,1,-1.4451355926924947,3,2.304638013484,-0.20374543196723224,-1.069135261860119,33,2,0,1
-0.7336357504364207,981,1,27,2,0.6369713717974949,2,-0.14843023000305458,-0.20374543196723224,-0.8355879006491288,316,1,1,2
0.16574190718056742,549,1,2,2,-0.6010381746560124,0,-0.19146651497651168,-0.20374543196723224,0.12086331261272618,196,0,0,0
-0.42806605304464296,190,1,12,0,-0.4884918522511481,1,2.347674298457457,-0.20374543196723224,0.9264297798375659,139,1,0,0
-0.3481144948141812,1286,1,29,2,0.8620640166072234,2,1.9460023053718574,-0.20374543196723224,-0.5971058044458522,158,1,1,3
-0.6724255252105187,1416,1,7,2,0.017966598570741225,1,-0.46402965314173994,-0.20374543196723224,0.27351507039554185,19,1,1,3
-0.39997124742129353,498,1,14,0,-1.1074966254779017,3,-1.224337354339482,-0.20374543196723224,-1.1034539834165105,299,1,0,0
1.360991911900735,466,1,5,1,0.46815188819019843,2,-0.14843023000305458,-0.20374543196723224,-0.6856111664873278,353,3,1,0
-0.5139666949627907,1071,1,23,2,-0.6010381746560124,0,-0.39230251151931145,-0.20374543196723224,2.196800303162824,95,1,0,2
-0.6509331708474914,247,1,20,1,-1.3888624314900626,3,-0.23450279994996878,-0.20374543196723224,-0.9621859086033548,343,1,0,0
2.0717612645695405,1719,1,8,2,0.9746103390120878,0,-0.5214113664396828,-0.20374543196723224,1.6479922507091371,268,3,1,3
-0.7402382016967427,1455,1,42,1,-1.1074966254779017,3,-0.32057536989688296,-0.20374543196723224,-1.0947504832262471,52,2,0,3
0.23627121725827796,937,1,39,2,1.7624345958461378,2,1.3865306007169151,-0.20374543196723224,0.5257179483154785,254,0,1,2
0.6682503460716375,1007,1,15,2,-0.5447650134535803,1,0.08109662318871659,-0.20374543196723224,0.7027931618782036,69,3,0,2
0.5365451985350058,2209,1,20,1,1.9875272406558664,2,0.45407775962534475,-0.20374543196723224,-0.06932132239840379,71,3,1,1
1.1976156309747463,2416,1,22,1,1.424795628631545,2,-0.5931385080621112,-0.20374543196723224,0.5809390000561335,66,3,1,1
-0.4384167709058769,591,1,30,1,0.017966598570741225,0,-0.07670308838062609,-0.20374543196723224,0.004911227979548411,330,1,1,0
-0.7164762547129796,1956,1,12,0,0.9746103390120878,0,-0.40664793984379716,-0.20374543196723224,1.8758825947543756,172,1,1,1
-0.48569995050453707,571,1,3,0,-0.8824039806681732,1,-0.7652836479559396,-0.20374543196723224,-0.28410224499523684,133,1,0,0
2.0717612645695405,2284,1,25,2,-0.09457972383412307,1,2.5915465799737136,-0.20374543196723224,-0.4169299366956059,228,3,0,1
-0.8855952927247693,2138,1,9,0,1.8187077570485701,2,-0.19146651497651168,-0.20374543196723224,0.34901935331463224,294,2,1,1
-0.4978044444817941,369,1,13,0,-0.15085288503655522,1,-0.11973937335408318,-0.20374543196723224,-0.12492415185931921,290,1,0,0
-0.749660449849494,839,1,19,0,0.1867860821780377,1,-0.9948105011477107,-0.20374543196723224,0.35112428993444694,18,2,1,2
-0.9294053078583643,249,1,16,2,0.1867860821780377,1,0.8557497527109443,-0.20374543196723224,-0.06566863826401939,61,2,1,0
-0.7329823828637847,1146,1,33,0,0.1867860821780377,0,0.38235061800291625,-0.20374543196723224,1.9457298605077133,342,1,1,2
-0.5295443534051129,840,1,36,1,1.3122493062266807,0,0.43973233130085904,-0.20374543196723224,1.7016139633514031,358,1,1,2
-0.827995783031856,2117,1,12,0,-0.5447650134535803,0,-0.3492662265458544,-0.20374543196723224,-1.0774363476965945,57,2,0,1
1.6427308867747883,450,1,21,1,0.9183371778096556,0,-1.2673736393129391,-0.20374543196723224,1.67780444741894,130,3,1,0
-0.6581889896804495,859,1,34,0,-1.1074966254779017,3,0.5831866145457161,-0.20374543196723224,-1.0423695481748276,201,1,0,2
-0.6119030553242338,1157,1,41,2,-0.9386771418706054,3,2.5198194383512855,-0.20374543196723224,-0.9010730979905714,125,1,0,2
-0.8615926313721404,2121,1,38,1,-1.2200429478827661,3,1.4008760290414008,-0.20374543196723224,-1.1964400745126655,156,2,0,1
1.2480624851356443,816,1,38,1,-1.3325892702876303,3,0.4110414746518877,-0.20374543196723224,-1.2904450993892453,189,3,0,2
0.27922153821735185,2158,1,24,2,1.5373419510364092,2,0.5831866145457161,-0.20374543196723224,-0.6841820796155418,280,0,1,1
-0.6281684691061729,934,1,4,1,1.3685224674291128,2,0.4110414746518877,-0.20374543196723224,0.19932895244302662,295,1,1,2
-0.9816747136692467,2272,1,21,2,0.5806982105950628,2,-1.123919356068082,-0.20374543196723224,-0.8178326570778237,182,2,1,1
-0.6921297156905423,917,1,29,2,0.693244532999927,2,-1.4682096358557388,-0.20374543196723224,-0.26577691442273194,116,1,1,2
-0.5702938572774128,250,1,15,1,-0.9386771418706054,1,0.4253869029763734,-0.20374543196723224,-1.096135717251787,294,1,0,0
-0.08185001508150774,717,1,4,2,1.3122493062266807,2,0.7840226110885158,-0.20374543196723224,0.6969787903818037,274,0,1,2
-0.7682986195531113,500,1,37,1,-1.1637697866803338,3,-1.037846786121168,-0.20374543196723224,-1.0131454955205612,214,2,0,0
-0.9175759160169541,1911,1,37,0,0.7495176942023591,0,1.773857165478029,-0.20374543196723224,1.4977395015739048,337,2,1,1
0.0359968623618438,2058,1,38,0,-1.4451355926924947,3,0.23889633475805927,-0.20374543196723224,-0.8870350280334245,207,0,0,1
-0.8468058915703776,1921,1,4,2,-1.3888624314900626,3,0.29627804805600205,-0.20374543196723224,-1.0287906433136698,360,2,0,1
1.800845839352708,624,1,13,2,0.46815188819019843,1,1.773857165478029,-0.20374543196723224,0.1321928244193762,240,3,1,2
-0.4941593411818247,638,1,11,0,0.6369713717974949,1,-0.04801223173165469,-0.20374543196723224,0.9709610554109266,342,1,1,2
-0.8384840519610134,1074,1,40,1,-0.20712604623898737,0,0.38235061800291625,-0.20374543196723224,0.4853526931355016,284,2,0,2
0.30136726015301524,710,1,17,0,0.8620640166072234,1,-0.7796290762804253,-0.20374543196723224,0.7022024382434763,230,0,1,2
-0.21097608009457625,1263,1,31,1,0.35560556578533414,2,0.7983680394130015,-0.20374543196723224,0.27442308227075596,282,0,1,3
-0.6277214281354219,1038,1,9,0,0.6369713717974949,0,-0.793974504604911,-0.20374543196723224,1.138708510619178,12,1,1,2
-0.9771355284277754,819,1,12,1,-0.6573113358584446,0,-0.837010789578368,-0.20374543196723224,0.3382005981877903,160,2,0,2
2.0717612645695405,2420,1,13,0,-1.2200429478827661,3,0.36800518967843054,-0.20374543196723224,-1.0223674911282055,60,3,0,1
0.26391898191087626,1781,1,7,0,-0.5447650134535803,1,1.6590937388821434,-0.20374543196723224,0.340764699903594,292,0,0,3
0.13506801903365473,750,1,35,1,-0.9386771418706054,3,0.6405683278436588,-0.20374543196723224,-0.8962363870075413,349,0,0,2
0.24125744347050027,2352,1,15,2,1.1997029838218163,2,-1.2386827826639677,-0.20374543196723224,0.4097374883112004,309,0,1,1
-0.6344614304636673,1970,1,39,1,0.7495176942023591,0,-0.24884822827445446,-0.20374543196723224,0.583111005734913,299,1,1,1
0.681524024126243,612,1,34,0,-0.26339920744141954,1,0.1815146214601165,-0.20374543196723224,0.4628484442736587,131,3,0,0
0.9106153277526244,1154,1,34,2,1.1434298226193842,0,-1.3821370659088246,-0.20374543196723224,1.7127009947141043,9,3,1,2
0.495761306895725,1708,1,35,2,-0.15085288503655522,0,0.4110414746518877,-0.20374543196723224,0.5659155308480438,298,3,0,3
-0.7732848457653335,333,1,20,1,-0.8824039806681732,0,-0.980465072823225,-0.20374543196723224,1.4213349455171729,343,2,0,0
-0.13793646302726395,1292,1,33,2,0.5244250493926306,2,0.253241763082545,-0.20374543196723224,-0.8551049968078523,32,0,1,3
-0.4478046312916472,1280,1,15,1,0.8057908554047913,0,-0.29188451324791154,-0.20374543196723224,2.027757899200715,193,1,1,3
-0.07053643974481026,286,1,21,1,0.6369713717974949,0,0.3393143330294592,-0.20374543196723224,-1.286825949784343,323,0,1,0
-0.8985938686435283,1301,1,16,0,1.2559761450242486,0,0.6405683278436588,-0.20374543196723224,0.15036595981961523,229,2,1,3
-0.8893779470926622,655,1,32,1,0.299332404582902,1,0.6549137561681445,-0.20374543196723224,1.230580223504843,53,2,1,2
0.7203822008145965,2388,1,3,0,1.087156661416952,2,-0.47837508146622565,-0.20374543196723224,0.2985215110726057,329,3,1,1
1.5115071679758885,685,1,16,2,-0.7698576582633089,0,-1.3104099242863962,-0.20374543196723224,2.3627781670460846,240,3,0,2
0.31862991917739875,2242,1,2,0,0.4118787269877663,1,0.45407775962534475,-0.20374543196723224,0.3457742426924178,273,0,1,1
-0.9325689824206019,2149,1,29,0,0.8620640166072234,1,0.6692591844926302,-0.20374543196723224,0.4209896127421219,6,2,1,1
0.5135053946578405,1750,1,39,0,-1.1074966254779017,3,1.773857165478029,-0.20374543196723224,-1.057875398691625,127,3,0,3
-0.5124880209826144,1647,1,33,1,-1.2200429478827661,3,-1.4969004925047102,-0.20374543196723224,-0.8764432758753862,354,1,0,3
2.0717612645695405,334,1,37,0,-1.0512234642754696,3,1.9316568770473717,-0.20374543196723224,-0.8482691119518363,162,3,0,0
-0.8615582436051595,973,1,14,2,1.8187077570485701,2,2.3333288701329713,-0.20374543196723224,-0.00042592136652589726,203,2,1,2
-0.10798471798694909,962,1,42,1,-0.6573113358584446,1,-0.6074839363865969,-0.20374543196723224,0.03109653634687633,177,0,0,2
0.1574888431051648,217,1,4,2,-1.3888624314900626,3,-0.40664793984379716,-0.20374543196723224,-1.2305214747834896,208,0,0,0
0.41433107468508695,401,1,27,2,-0.7135844970608767,0,-1.0665376427701392,-0.20374543196723224,1.3757099283668497,329,3,0,0
-0.9048868300010227,2066,1,8,2,1.03088350021452,2,-0.6218293647110826,-0.20374543196723224,-0.20249725728955112,268,2,1,1
-0.7984566911953113,2298,1,12,1,0.5806982105950628,2,0.7696771827640301,-0.20374543196723224,0.3051355521182002,303,2,1,1
-0.9406501076611001,729,1,24,1,-1.3325892702876303,3,0.038060338215259504,-0.20374543196723224,-1.248617222808,211,2,0,2
-0.29371304745048626,1421,1,17,0,1.8749809182510022,2,-0.10539394502959748,-0.20374543196723224,-0.09680931825716098,96,1,1,3
-0.061526844795829184,1824,1,18,1,1.087156661416952,0,0.8557497527109443,-0.20374543196723224,-0.9738714023383559,201,0,1,3
-0.0387965308214914,1480,1,5,1,0.46815188819019843,0,-0.14843023000305458,-0.20374543196723224,0.3243663149867284,350,0,1,3
-0.7733880090662761,109,1,26,0,-1.2763161090851982,3,1.9890385903453145,-0.20374543196723224,-0.8436000736162178,343,2,0,0
0.04136135401085544,2448,1,3,0,0.46815188819019843,2,-1.123919356068082,-0.20374543196723224,-0.29481007821686805,216,0,1,1
-0.5550944642718798,1375,1,15,1,0.017966598570741225,1,-0.5357567947641685,-0.20374543196723224,1.2572762885519788,61,1,1,3
-0.02868652732912334,830,1,31,1,1.1997029838218163,2,-0.6792110780090255,-0.20374543196723224,-0.13731387071344936,157,0,1,2
-0.513450878458078,1903,1,0,2,1.1434298226193842,0,1.2287308891475726,-0.20374543196723224,0.6058474167239413,307,1,1,1
-0.2841188604628309,2033,1,43,1,-0.7135844970608767,1,1.4008760290414008,-0.20374543196723224,0.3322211336231694,275,0,0,1
-0.7752105607162608,1574,1,24,2,0.24305924338046983,1,0.3536597613539449,-0.20374543196723224,0.31874025277126755,200,2,1,3
-0.43470289207194573,581,1,16,0,-0.8261308194657411,0,-0.019321375082683293,-0.20374543196723224,0.23869591047610608,181,1,0,0
2.0717612645695405,2384,1,33,0,0.46815188819019843,1,-1.2530282109884534,-0.20374543196723224,-1.1204637286016312,155,3,1,1
1.512229311082486,852,1,30,0,0.5806982105950628,1,0.009369481566288104,-0.20374543196723224,1.2167510994621629,195,3,1,2
-0.28662916745243255,1368,1,8,0,0.017966598570741225,1,-1.4682096358557388,-0.20374543196723224,-0.3541816728757605,302,0,1,3
-0.6969783908348413,1695,1,24,1,-0.9949503030730374,3,1.2000400324986011,-0.20374543196723224,-1.1511504026571657,246,1,0,3
-0.7068132921913625,863,1,4,0,1.5373419510364092,2,-0.47837508146622565,-0.20374543196723224,0.3290817857477839,126,1,1,2
-0.11297094419917139,1362,1,36,1,0.693244532999927,2,1.630402882233172,-0.20374543196723224,-0.2444644311471076,259,0,1,3
-0.754027696256061,944,1,13,2,0.35560556578533414,0,1.1713491758496297,-0.20374543196723224,1.5401039306268673,112,2,1,2
-1.0079813554095924,289,1,24,2,1.3685224674291128,0,0.38235061800291625,-0.20374543196723224,1.2659823683214333,277,2,1,0
-0.8696393688456578,2129,1,39,2,-1.0512234642754696,3,1.8886205920739145,-0.20374543196723224,-0.8939044474189229,118,2,0,1
-0.29371304745048626,773,1,12,0,-0.9386771418706054,3,0.1815146214601165,-0.20374543196723224,-1.2180130952865758,81,1,0,2
-0.24753027639521316,1547,1,4,2,-1.5014087538949268,3,0.1384783364866594,-0.20374543196723224,-1.181710677332344,242,0,0,3
-0.7994195486707748,1638,1,21,0,0.5806982105950628,2,-0.7509382196314539,-0.20374543196723224,0.624490035536933,334,2,1,3
-0.6361120432787477,2450,1,17,2,0.9746103390120878,0,-1.0091559294721966,-0.20374543196723224,1.4905295777352008,310,1,1,1
2.0717612645695405,543,1,37,0,0.8057908554047913,2,0.48276861627431616,-0.20374543196723224,0.5146799289574058,237,3,1,0
1.089844369256782,365,1,13,1,0.9183371778096556,2,-1.1813010693660249,-0.20374543196723224,0.5669164075741322,269,3,1,0
-0.9308839818385406,532,1,3,1,-1.3888624314900626,3,-1.4395187792067674,-0.20374543196723224,-1.2277303700988822,233,2,0,0
-0.4343934021691182,37,1,37,1,0.8620640166072234,1,1.1426583192006583,-0.20374543196723224,-0.7287288326640479,174,1,1,0
0.1633347634919082,1748,1,35,1,-1.2763161090851982,3,0.0524057665397452,-0.20374543196723224,-0.8231543289487525,194,0,0,3
1.9805563095945975,744,1,42,2,-1.2763161090851982,3,2.4194014400798856,-0.20374543196723224,-1.1882550697397827,265,3,0,2
-0.013143256653782017,312,1,22,1,-0.43221869104871596,1,-0.9087379312007966,-0.20374543196723224,-1.0040989112979015,289,0,0,0
-0.9227340810640806,1615,1,14,0,-1.5014087538949268,3,1.773857165478029,-0.20374543196723224,-1.0417272329562812,160,2,0,3
-0.30175978492400374,444,1,12,0,-1.3325892702876303,3,-0.650520221360054,-0.20374543196723224,-1.269540189625791,295,1,0,0
-0.9515854175610085,2259,1,6,0,1.5373419510364092,2,0.7409863261150588,-0.20374543196723224,0.5252716811154444,97,2,1,1
-0.41867819265887257,662,1,31,2,-0.9386771418706054,3,-0.6935565063335111,-0.20374543196723224,-0.9326523064461746,178,1,0,2
-0.7127623758790486,1527,1,21,1,-0.20712604623898737,1,0.21020547810908788,-0.20374543196723224,0.9156342409234428,158,1,0,3
-0.7799560725596173,1936,1,3,1,-0.9386771418706054,3,-1.2673736393129391,-0.20374543196723224,-1.2756744289418687,110,2,0,1
-0.5167177163212582,165,1,0,0,0.46815188819019843,1,-0.10539394502959748,-0.20374543196723224,0.5108853679675192,255,1,1,0
0.2751293939466313,1493,1,26,2,-1.3325892702876303,3,-0.44968422481725423,-0.20374543196723224,-1.1009002000174708,86,0,0,3
-0.5097369996241469,2413,1,8,1,1.4810687898339772,2,-0.17712108665202597,-0.20374543196723224,0.14642952197422632,328,1,1,1
0.31636032655666296,2345,1,17,2,-1.0512234642754696,3,-1.2817190676374248,-0.20374543196723224,-0.8901898533839558,281,0,0,1
-0.6753484854038905,2241,1,39,1,1.03088350021452,0,-1.0091559294721966,-0.20374543196723224,1.305854923875939,175,1,1,1
-0.5486295640794813,657,1,14,1,1.087156661416952,0,-0.8083199329293967,-0.20374543196723224,2.2541882014238754,138,1,1,2
1.972234469985233,1593,1,38,0,0.35560556578533414,2,1.5730211689352291,-0.20374543196723224,-0.36640887824086094,151,3,1,3
0.5576592874612438,1306,1,11,1,0.4118787269877663,1,0.87009518103543,-0.20374543196723224,0.13170012479390486,132,3,1,3
0.10515066176032067,1800,1,22,1,-1.3888624314900626,3,0.7983680394130015,-0.20374543196723224,-1.2297682376597323,295,0,0,3
1.583136886596986,116,1,33,2,0.46815188819019843,1,-1.1669556410415391,-0.20374543196723224,-0.10487050322887825,103,3,1,0
-1.0011381897804044,472,1,4,2,0.017966598570741225,0,-1.037846786121168,-0.20374543196723224,1.9588908735399375,286,2,1,0
-0.8581194669070752,1409,1,22,2,1.5936151122388413,2,0.5831866145457161,-0.20374543196723224,0.3999402465439745,283,2,1,3
-0.19725536106921954,2054,1,43,2,-0.15085288503655522,0,1.8455843071004574,-0.20374543196723224,0.709706434109948,56,0,0,1
-0.9948108406559291,1205,1,35,0,0.5806982105950628,1,-1.2960644959619105,-0.20374543196723224,-0.09680931825716098,357,2,1,2
-0.4326052382861143,786,1,26,1,-1.0512234642754696,3,2.4767831533778284,-0.20374543196723224,-0.9916240663304701,88,1,0,2
-0.11809472147931716,1082,1,36,2,-0.43221869104871596,0,2.2185654435370856,-0.20374543196723224,1.9944297360536483,83,0,0,2
1.2461367701847168,200,1,4,0,-1.2763161090851982,3,1.2143854608230868,-0.20374543196723224,-0.9977325098546382,1,3,0,0
-0.9121082610669999,2404,1,18,2,-1.1074966254779017,3,2.347674298457457,-0.20374543196723224,-1.0923153604699907,10,2,0,1
-0.6365590842494987,1039,1,43,2,0.1867860821780377,1,0.29627804805600205,-0.20374543196723224,0.1566627126247228,73,1,1,2
-0.16080432806952516,2073,1,18,0,0.9746103390120878,2,-0.44968422481725423,-0.20374543196723224,-0.9203735094972553,346,0,1,1
0.8850652168858573,718,1,33,0,0.24305924338046983,0,-0.1627756583275403,-0.20374543196723224,2.504208755348269,347,3,1,2
1.038125167717593,74,1,5,1,-0.7135844970608767,1,1.4726031706638294,-0.20374543196723224,-0.6506449705540079,317,3,0,0
-0.9229404076659656,898,1,34,1,0.5806982105950628,0,-0.30622994157239725,-0.20374543196723224,-1.273203192076939,153,2,1,2
-0.9627614418297827,2235,1,36,0,0.24305924338046983,0,-0.36361165487034003,-0.20374543196723224,1.7380350419484185,208,2,1,1
2.0633276647174883,2077,1,9,2,-0.6573113358584446,0,0.6979500411416016,-0.20374543196723224,1.5573793724686558,22,3,0,1
-0.4737673953621843,463,1,19,0,0.24305924338046983,1,-1.1669556410415391,-0.20374543196723224,-1.2226202237216113,132,1,1,0
-0.826895374488469,1814,1,15,2,1.7061614346437057,2,1.0852766059027155,-0.20374543196723224,0.33190900454106453,109,2,1,3
-0.31905683171536814,137,1,30,2,0.4118787269877663,2,1.3721851723924294,-0.20374543196723224,-0.06941418724927788,209,1,1,0
-0.8451896665222779,2043,1,11,1,-0.8824039806681732,0,-0.6218293647110826,-0.20374543196723224,-0.9737398437996175,217,2,0,1
-0.6722535863756146,1555,1,6,2,-0.7135844970608767,1,-0.6361747930355683,-0.20374543196723224,-0.6023449297826705,21,1,0,3
0.010825016931866186,1883,1,10,0,-0.9949503030730374,3,0.038060338215259504,-0.20374543196723224,-0.9651240493018464,156,0,0,1
-0.7538901451881376,205,1,31,2,1.2559761450242486,2,-0.6648656496845398,-0.20374543196723224,-0.14781533759980459,239,2,1,0
-0.9574313379477519,1732,1,26,1,-1.3325892702876303,3,-0.5931385080621112,-0.20374543196723224,-0.9843702896455201,223,2,0,3
1.4984742042901484,924,1,38,0,-1.0512234642754696,3,-0.04801223173165469,-0.20374543196723224,-1.204111743026549,350,3,0,2
-0.7966341395453265,1665,1,26,0,-0.6010381746560124,1,0.43973233130085904,-0.20374543196723224,0.8707985750055501,152,2,0,3
-0.7898941372170811,1013,1,20,0,-1.1637697866803338,3,-0.9087379312007966,-0.20374543196723224,-1.0601505875380421,250,2,0,2
-0.5477698699049601,2239,1,39,1,0.5806982105950628,0,-1.037846786121168,-0.20374543196723224,2.363931238944438,143,1,1,1
0.34933819509129227,1179,1,8,0,-1.2763161090851982,3,-0.9087379312007966,-0.20374543196723224,-0.8372543088064822,165,0,0,2
0.5938352183250913,2098,1,27,0,-1.3888624314900626,3,0.4253869029763734,-0.20374543196723224,0.9108903947912865,215,3,0,1
-0.8913036620435895,716,1,16,0,0.693244532999927,0,0.8987860376844015,-0.20374543196723224,-1.2510858800937386,350,2,1,2
-0.46950331225655967,1444,1,42,0,-0.7698576582633089,1,-1.4969004925047102,-0.20374543196723224,0.107715197476457,164,1,0,3
0.0640228924512314,959,1,27,1,-1.2200429478827661,3,-0.37795708319482574,-0.20374543196723224,-1.07821280103307,105,0,0,2
0.47248078864969384,35,1,1,0,-1.3325892702876303,3,0.4110414746518877,-0.20374543196723224,0.05830851723220202,207,3,0,0
-0.45000544837842127,526,1,17,0,-1.0512234642754696,3,-0.5070659381151971,-0.20374543196723224,-1.166558229164707,179,1,0,0
-0.29371304745048626,1714,1,37,1,0.13051292097560552,1,1.0709311775782298,-0.20374543196723224,-0.09004308203930068,300,1,1,3
-0.19024025660512744,1327,1,32,2,-1.0512234642754696,3,0.5544957578967447,-0.20374543196723224,-0.906815241269625,139,0,0,3
-0.9406157198941193,690,1,16,1,1.3122493062266807,0,0.1384783364866594,-0.20374543196723224,2.2360795555034114,271,2,1,2
-0.7767923979973796,2285,1,29,1,1.6498882734412736,2,0.8127134677374872,-0.20374543196723224,-0.855066303119988,3,2,1,1
2.0717612645695405,2485,1,1,2,1.1997029838218163,2,-0.11973937335408318,-0.20374543196723224,0.6625285102866737,257,3,1,1
0.06103115672389798,547,1,22,0,1.9875272406558664,2,1.5730211689352291,-0.20374543196723224,0.5060925098307352,21,0,1,0
-0.3953288988788797,965,1,2,2,1.8749809182510022,2,0.038060338215259504,-0.20374543196723224,0.6233111678466691,161,1,1,2
1.918383226893232,2095,1,13,1,0.6369713717974949,2,-0.019321375082683293,-0.20374543196723224,-0.5469097729691668,151,3,1,1
-0.1223588045849418,86,1,28,0,1.087156661416952,2,-0.9661196444987394,-0.20374543196723224,0.6477836356312067,205,0,1,0
-0.2616636486243399,1881,1,33,2,1.4810687898339772,2,1.4008760290414008,-0.20374543196723224,0.11344960201793751,42,0,1,1
-0.9797489987183196,1646,1,34,1,-0.7698576582633089,1,0.1384783364866594,-0.20374543196723224,0.43161747900883357,149,2,0,3
-0.5987669283375514,1515,1,8,2,-0.9386771418706054,3,-1.123919356068082,-0.20374543196723224,-0.8102177393061408,34,1,0,3
0.33833410965742233,1329,1,25,2,0.6369713717974949,2,-1.4682096358557388,-0.20374543196723224,0.05967311462421427,291,0,1,3
1.4027386610154797,1302,1,19,2,0.35560556578533414,2,0.43973233130085904,-0.20374543196723224,-0.47504527628850607,267,3,1,3
0.25143622249682995,1958,1,35,0,1.3685224674291128,2,-0.7222473629824825,-0.20374543196723224,0.47259667403625666,303,0,1,1
-0.9829814488145189,1978,1,17,0,1.2559761450242486,2,2.1324928735901714,-0.20374543196723224,0.6340086827515364,125,2,1,1
-0.3357348987010775,1403,1,39,1,-0.7698576582633089,1,-1.1956464976905106,-0.20374543196723224,0.4880173984397524,268,1,0,3
-0.6442275562862269,81,1,10,3,1.424795628631545,2,0.29627804805600205,-0.20374543196723224,-0.8063122564110434,206,1,1,0
0.02537104236476297,2246,1,1,1,-1.3888624314900626,3,-1.1382647843925677,-0.20374543196723224,-1.1408166084182225,234,0,0,1
1.113365601871679,575,1,29,1,-0.9386771418706054,3,-0.30622994157239725,-0.20374543196723224,-1.2629725810056336,63,3,0,0
1.58533770368376,7,1,5,2,-1.2763161090851982,3,-0.03366680340716899,-0.20374543196723224,-0.9457720462113436,124,3,0,0
-0.5982167240658579,2001,1,38,1,0.4118787269877663,0,-1.5399367774781674,-0.20374543196723224,0.8619506183805937,194,1,1,1
-0.689550633166979,1363,1,15,2,0.9183371778096556,2,0.7409863261150588,-0.20374543196723224,0.7448016090028153,13,1,1,3
2.0717612645695405,121,1,5,0,-0.8261308194657411,0,-1.0091559294721966,-0.20374543196723224,0.11829405173854052,175,3,0,0
-0.5303352720456723,888,1,18,2,1.2559761450242486,0,-0.32057536989688296,-0.20374543196723224,-0.9922921773409259,63,1,1,2
-0.8969432558284478,825,1,14,1,-1.2200429478827661,3,0.31062347638048776,-0.20374543196723224,-0.8801836657022629,181,2,0,2
-0.9350449016432226,282,1,17,1,0.7495176942023591,1,2.4767831533778284,-0.20374543196723224,-0.6494738416013169,340,2,1,0
-0.6660637883190628,2133,1,37,2,0.8620640166072234,0,-0.14843023000305458,-0.20374543196723224,1.7780417356208535,235,1,1,1
-0.6207063236713298,2253,1,32,2,0.693244532999927,1,-0.36361165487034003,-0.20374543196723224,0.9331676406843261,325,1,1,1
0.23063162347341945,1971,1,8,2,1.5936151122388413,2,-0.019321375082683293,-0.20374543196723224,0.0789967423436168,194,0,1,1
-0.901069787866149,772,1,32,2,0.017966598570741225,2,-0.6792110780090255,-0.20374543196723224,-0.3541326608711325,350,2,1,2
-0.8004167939132193,2039,1,30,1,-1.4451355926924947,3,1.730820880504572,-0.20374543196723224,-1.001834040768248,360,2,0,1
-0.6465659244409243,1947,1,15,0,0.299332404582902,0,-1.3821370659088246,-0.20374543196723224,2.5074667638664385,235,1,1,1
-0.8454991564251054,741,1,17,2,-0.9386771418706054,3,0.43973233130085904,-0.20374543196723224,-0.9884176493961199,13,2,0,2
-0.3092563181258277,1709,1,30,1,-1.3888624314900626,3,0.4971140445988019,-0.20374543196723224,-1.2007273351280234,266,1,0,3
-0.8919226418492446,2485,1,33,0,-1.3888624314900626,3,-0.5070659381151971,-0.20374543196723224,-0.9260408449797711,344,2,0,1
-0.49023913574600847,2,1,24,2,0.07423975977317337,1,-0.6361747930355683,-0.20374543196723224,0.7574596040928044,250,1,1,0
-0.334943980060518,1194,1,6,2,-1.1637697866803338,3,-0.5787930797376255,-0.20374543196723224,-0.9745911049326308,141,1,0,2
0.39105055643905573,1345,1,1,1,-1.1074966254779017,3,-0.10539394502959748,-0.20374543196723224,-0.8424470017178635,254,3,0,3
2.0717612645695405,1789,1,31,1,1.2559761450242486,2,1.4152214573658866,-0.20374543196723224,0.38489872028154815,334,3,1,3
-0.9578439911515221,563,1,26,0,0.6369713717974949,1,-1.3104099242863962,-0.20374543196723224,0.8545627035777147,296,2,1,0
0.3505073791686409,1575,1,0,0,0.13051292097560552,0,2.247256300186057,-0.20374543196723224,0.7424903060477246,161,0,1,3
-0.6005207044535745,332,1,29,2,-1.2763161090851982,3,-0.10539394502959748,-0.20374543196723224,-1.2334828316946993,101,1,0,0
0.28001245685791115,63,1,23,1,-0.26339920744141954,1,0.6836046128171159,-0.20374543196723224,0.5838642428586702,278,0,0,0
-0.5915798850385551,2229,1,20,0,0.24305924338046983,1,-1.2386827826639677,-0.20374543196723224,-0.5472399591056084,114,1,1,1
-0.9617298088203574,2428,1,0,0,0.46815188819019843,2,-0.2631936565989402,-0.20374543196723224,-0.9002373143327039,281,2,1,1
-0.03343203917247976,695,1,25,0,-1.2763161090851982,3,1.3291488874189723,-0.20374543196723224,-1.0072614753860056,275,0,0,2
1.9874338629907662,442,1,37,2,-0.9386771418706054,1,0.7696771827640301,-0.20374543196723224,-0.1235157016210608,114,3,0,0
2.0717612645695405,1859,1,22,0,-1.1637697866803338,3,0.43973233130085904,-0.20374543196723224,-0.9619408485802147,258,3,0,3
-0.882569169230455,727,1,9,0,-0.4884918522511481,0,2.146838301914657,-0.20374543196723224,2.3719176161196174,256,2,0,2
-0.5906858030970531,1010,1,16,2,0.24305924338046983,1,0.8270588960619729,-0.20374543196723224,-0.48847972471497075,312,1,1,2
0.1776744623229201,2086,1,3,2,-1.1637697866803338,3,0.39669604632740196,-0.20374543196723224,-1.054135008864748,212,0,0,1
-0.5789939623235663,546,1,40,0,1.3685224674291128,2,-1.2673736393129391,-0.20374543196723224,-0.6445752207177039,320,1,1,0
0.08307371535861892,1141,1,1,2,0.5806982105950628,1,0.8414043243864586,-0.20374543196723224,1.1201200629691965,244,0,1,2
-1.0156842152133012,1034,1,34,0,0.46815188819019843,2,2.2759471568350285,-0.20374543196723224,-0.9970669784233733,340,2,1,2
-0.8468058915703776,648,1,20,1,0.5244250493926306,0,2.491128581702314,-0.20374543196723224,1.9877821604785715,35,2,1,2
0.2997854228718963,1761,1,36,2,-0.7698576582633089,1,0.3393143330294592,-0.20374543196723224,1.2444299841810504,92,0,0,3
-0.9760351198843885,1587,1,14,1,-1.2200429478827661,3,0.5544957578967447,-0.20374543196723224,-1.0803719088158947,249,2,0,3
0.1134037258357231,2438,1,34,2,0.6369713717974949,2,1.3148034590944866,-0.20374543196723224,0.23216957512300415,214,0,1,1
2.0717612645695405,1782,1,25,2,0.017966598570741225,0,1.6447483105576577,-0.20374543196723224,-1.1626269504777,22,3,1,3
-0.8802651888427385,2157,1,25,0,-1.5014087538949268,3,-0.5644476514131398,-0.20374543196723224,-0.861597797631472,305,2,0,1
-0.6792343030727258,1165,1,31,2,1.03088350021452,2,-0.37795708319482574,-0.20374543196723224,-0.6549709248572302,70,1,1,2
-0.502653119626093,714,1,24,0,1.3685224674291128,2,-0.8657016462273395,-0.20374543196723224,-0.48219071064743607,67,1,1,2
-0.9190889777641111,1319,1,35,2,1.5936151122388413,2,0.1384783364866594,-0.20374543196723224,-1.0008976535219334,187,2,1,3
-0.8336697645836952,2444,1,0,0,1.1434298226193842,0,-1.0521922144456535,-0.20374543196723224,0.7507836531466272,323,2,1,1
-0.9577752156175604,1511,1,18,0,0.46815188819019843,0,-1.4538642075312531,-0.20374543196723224,2.3780853899651784,140,2,1,3
1.1592044952571439,2325,1,18,2,-0.9949503030730374,3,0.7983680394130015,-0.20374543196723224,-1.232843096055344,215,3,0,1
-0.741476161308053,320,1,24,0,-1.4451355926924947,3,-0.07670308838062609,-0.20374543196723224,-0.9065005326083291,164,2,0,0
-0.7318475865534169,1085,1,27,2,1.7061614346437057,2,0.7266408977905731,-0.20374543196723224,0.5942780040525332,14,1,1,2
0.39074106653622803,901,1,41,0,0.9183371778096556,2,-0.5931385080621112,-0.20374543196723224,-0.6566295942770107,191,3,1,2
-0.42672493013239,329,1,3,0,-0.6573113358584446,0,-1.4682096358557388,-0.20374543196723224,1.4485753017735992,86,1,0,0
-0.5395168058295576,141,1,7,0,-0.6010381746560124,1,0.6118774711946875,-0.20374543196723224,-0.5519502707082821,62,1,0,0
-0.4512434079897316,1837,1,9,1,-0.9386771418706054,3,-0.062357660056140386,-0.20374543196723224,-1.121503299015584,152,1,0,3
-0.8355610917676417,2303,1,30,0,0.5244250493926306,1,0.253241763082545,-0.20374543196723224,0.28890226026955523,84,2,1,1
-0.038108775481874566,2315,1,24,0,1.03088350021452,2,-1.2099919260149963,-0.20374543196723224,-0.6595625758171202,96,0,1,1
0.810271823702522,1557,1,17,0,-1.2763161090851982,3,0.4253869029763734,-0.20374543196723224,-1.0513516429177137,204,3,0,3
-0.01004835762550596,1457,1,5,2,-1.1074966254779017,3,0.3536597613539449,-0.20374543196723224,-0.8227390166990095,188,0,0,3
-0.9244534694131228,2070,1,1,1,1.9312540794534343,2,0.009369481566288104,-0.20374543196723224,-0.8295826402925984,127,2,1,1
-0.09082522226350802,443,1,28,0,-1.1074966254779017,3,-1.1813010693660249,-0.20374543196723224,-0.8580611945606804,88,0,0,0
-0.6331203075514144,1729,1,30,2,-0.8824039806681732,1,0.8127134677374872,-0.20374543196723224,-1.0979775367941247,95,1,0,3
0.719591282174037,1268,1,11,1,-1.3325892702876303,3,-1.410827922557796,-0.20374543196723224,-1.0280941569321134,183,3,0,3
-0.30887805268903845,1405,1,39,1,-1.2763161090851982,3,-1.2673736393129391,-0.20374543196723224,-0.8491332709808043,73,1,0,3
0.18634017960209268,1042,1,40,0,1.03088350021452,2,0.6836046128171159,-0.20374543196723224,0.09145610983590245,100,0,1,2
-0.1208457428377847,976,1,6,1,-1.3888624314900626,3,0.43973233130085904,-0.20374543196723224,-1.1949568164778694,190,0,0,2
-0.8619365090419489,1018,1,14,1,0.8057908554047913,0,-1.2817190676374248,-0.20374543196723224,0.9711106710040016,129,2,1,2
-0.926826225334801,538,1,18,1,1.03088350021452,2,-0.39230251151931145,-0.20374543196723224,0.06598534490446764,185,2,1,0
2.0717612645695405,2144,1,12,1,-1.0512234642754696,1,0.7409863261150588,-0.20374543196723224,0.7091286083711754,147,3,0,1
0.11997178932906435,1692,1,19,0,1.7624345958461378,2,0.36800518967843054,-0.20374543196723224,0.5434912489411203,120,0,1,3
1.2763980051278596,1369,1,28,0,0.9746103390120878,0,1.917311448722886,-0.20374543196723224,2.1795274409002254,116,3,1,3
-0.8491442597250749,1909,1,6,0,0.24305924338046983,0,0.38235061800291625,-0.20374543196723224,0.7126445748084396,53,2,1,1
0.8915645048452367,1252,1,10,0,1.5373419510364092,2,-1.324755352610882,-0.20374543196723224,0.023381014986746565,75,3,1,3
-0.7177142143242901,2022,1,33,2,-1.5014087538949268,3,2.4194014400798856,-0.20374543196723224,-0.8588840803225932,160,1,0,1
1.5446225875784412,2372,1,22,0,0.7495176942023591,0,0.109787479837688,-0.20374543196723224,2.103579470360292,360,3,1,1
-0.789275157411426,1203,1,24,2,-1.4451355926924947,3,0.540150329572259,-0.20374543196723224,-1.1974409512387538,313,2,0,2
-0.6985602281159601,1542,1,27,0,-0.8824039806681732,1,0.31062347638048776,-0.20374543196723224,1.2289679865104997,214,1,0,3
-0.765685149262567,1299,1,38,1,-1.2763161090851982,4,-1.0091559294721966,-0.20374543196723224,-0.9935252161941998,159,2,0,3
-0.8790960047653898,588,1,30,1,1.8187077570485701,2,-0.8800470745518252,-0.20374543196723224,0.24715950980161133,220,2,1,0
-0.36021898879143815,2392,1,16,2,1.9312540794534343,2,0.4971140445988019,-0.20374543196723224,0.015392058232376053,159,1,1,1
-0.018920401506563794,1123,1,11,1,1.8187077570485701,2,0.0237149098907738,-0.20374543196723224,0.456445928721722,233,0,1,2
-0.0010731504435058843,2101,1,9,1,-1.2200429478827661,3,0.23889633475805927,-0.20374543196723224,-1.1738145854288478,116,0,0,1
0.15497853611556314,1150,1,12,1,-0.9949503030730374,3,-0.4353387964927685,-0.20374543196723224,-0.9568590775740443,79,0,0,2
-0.6821228754991168,1070,1,34,2,-0.9949503030730374,3,-1.0235013577966823,-0.20374543196723224,-1.0825697102865839,142,1,0,2
-0.6447433727909395,1055,1,36,2,-0.4884918522511481,1,-0.10539394502959748,-0.20374543196723224,0.31701709387171345,58,1,0,2
-0.9259321433932991,1762,1,8,2,-0.26339920744141954,0,-0.23450279994996878,-0.20374543196723224,2.2019878369158223,4,2,0,3
-0.9786485901749326,734,1,27,1,1.7624345958461378,2,-0.6074839363865969,-0.20374543196723224,-0.05163314788606348,74,2,1,2
-0.30626458239849425,2152,1,18,2,-1.1074966254779017,4,-0.8083199329293967,-0.20374543196723224,-1.1709486729477028,271,1,0,1
-0.9319156148479659,1294,1,36,2,0.017966598570741225,0,2.2616017285105428,-0.20374543196723224,1.7129357364204807,250,2,1,3
-0.5818481469829763,405,1,26,0,0.4118787269877663,2,-0.6361747930355683,-0.20374543196723224,0.2602276579829612,261,1,1,0
0.32763951412637987,1114,1,10,0,0.8620640166072234,1,0.7553317544395445,-0.20374543196723224,-0.18720293226641185,2,0,1,2
0.7711041571113411,1912,1,39,1,-0.20712604623898737,1,-0.6648656496845398,-0.20374543196723224,-0.2850050977120691,44,3,0,1
1.90160199660658,1509,1,39,0,-1.1074966254779017,3,2.146838301914657,-0.20374543196723224,-1.221565175832513,87,3,0,3
-0.4273439099380452,2134,1,8,2,1.3122493062266807,0,-1.2673736393129391,-0.20374543196723224,0.44930049436279207,290,1,1,1
-0.1077440036180832,113,1,35,0,-0.8261308194657411,1,0.7122954694660873,-0.20374543196723224,1.1843799601949383,195,0,0,0
-0.4966696481714262,1905,1,29,1,0.5806982105950628,0,-0.062357660056140386,-0.20374543196723224,0.44990669547266526,108,1,1,1
-0.9478715387270774,755,1,9,1,-0.9386771418706054,3,0.48276861627431616,-0.20374543196723224,-1.0732858047783569,234,2,0,2
-0.636937349686288,2456,1,10,0,0.07423975977317337,0,-0.2631936565989402,-0.20374543196723224,1.8345370994818375,106,1,1,1
0.08613422661991398,1282,1,33,1,-0.7135844970608767,1,-1.0952284994191106,-0.20374543196723224,0.3588449704529587,119,0,0,3
2.0717612645695405,2344,1,42,1,0.017966598570741225,1,2.290292585159514,-0.20374543196723224,1.2429312486711088,320,3,1,1
-0.5089460809835874,609,1,38,1,1.2559761450242486,2,0.7983680394130015,-0.20374543196723224,-0.7663881092727188,327,1,1,0
-0.9721149144485723,242,1,43,1,0.693244532999927,2,0.4971140445988019,-0.20374543196723224,-0.30974326215327436,124,2,1,0
2.0717612645695405,1451,1,7,0,0.017966598570741225,0,0.0237149098907738,-0.20374543196723224,1.5303350642307416,89,3,1,3
0.9269495170685252,1427,1,5,0,-1.1637697866803338,3,-0.7652836479559396,-0.20374543196723224,-1.2200329057930892,55,3,0,3
-0.3103911144361956,2382,1,16,0,0.35560556578533414,2,2.2329108718615713,-0.20374543196723224,-0.3063665929923216,59,1,1,1
-0.3983206346062131,1334,1,33,1,1.7061614346437057,2,-0.8943925028763109,-0.20374543196723224,0.6579445980643563,251,1,1,3
-0.7526521855768273,2441,1,42,1,-1.3325892702876303,3,0.12413290816217369,-0.20374543196723224,-1.146540694642939,138,2,0,1
0.07616177419546935,914,1,42,1,-1.3325892702876303,3,-0.8513562179028538,-0.20374543196723224,-1.0169091015601566,160,0,0,2
0.9853055576350168,215,1,26,2,0.8057908554047913,1,0.32496890470497347,-0.20374543196723224,0.20291198793925547,293,3,1,0
-0.6743168523944651,84,1,22,2,1.03088350021452,2,0.2819326197315164,-0.20374543196723224,-1.0281302710407867,346,1,1,0
1.007107401900872,1764,1,5,2,0.9746103390120878,2,1.3004580307700009,-0.20374543196723224,-0.7919311024215002,329,3,1,3
-0.2436100709593969,510,1,29,1,-1.1074966254779017,3,1.1426583192006583,-0.20374543196723224,-0.837107272792598,136,0,0,0
1.2200020672792755,487,1,31,2,1.5373419510364092,2,-0.5357567947641685,-0.20374543196723224,-0.7180571135510899,204,3,1,0
-0.7420951411137082,68,1,39,2,-0.3759455298462838,0,0.540150329572259,-0.20374543196723224,0.21072811288783236,163,2,0,0
-0.3606660297621892,1177,1,35,1,-1.1074966254779017,3,-1.511245920829196,-0.20374543196723224,-1.214938236890964,212,1,0,2
0.027434308383613673,389,1,2,1,1.8749809182510022,2,0.08109662318871659,-0.20374543196723224,-0.8236754039453241,38,0,1,0
-0.32751622239265576,2074,1,40,2,1.3122493062266807,2,2.4050560117554,-0.20374543196723224,-0.6130476038459197,357,1,1,1
-0.9914752272587873,269,1,30,0,-1.2763161090851982,3,0.31062347638048776,-0.20374543196723224,-1.030310015457139,84,2,0,0
0.4787049744732266,1899,1,23,1,-0.8261308194657411,1,-0.20581194330099736,-0.20374543196723224,0.5738735326521229,281,3,0,1
1.5353035027266322,1240,1,16,2,-1.4451355926924947,3,-0.14843023000305458,-0.20374543196723224,-1.0538125614658793,143,3,0,2
-0.9645839934797675,291,1,1,0,0.693244532999927,0,-1.080883071094625,-0.20374543196723224,1.5121283943010204,161,2,1,0
-0.02033029995277828,1020,1,21,2,0.017966598570741225,0,-1.1956464976905106,-0.20374543196723224,2.456398834623212,261,0,1,2
-0.7257265640308266,422,1,41,0,-0.20712604623898737,0,2.1038020169412,-0.20374543196723224,2.5328756188972905,134,1,0,0
0.8904297085348691,153,1,4,1,-1.2763161090851982,3,-0.6648656496845398,-0.20374543196723224,-1.1038099653448616,121,3,0,0
-0.8828786591332828,65,1,29,1,-1.2200429478827661,3,1.157003747525144,-0.20374543196723224,0.3351902292719523,344,2,0,0
-0.76946780363046,1962,1,25,2,-1.1074966254779017,3,-0.8226653612538825,-0.20374543196723224,-0.8027833920778247,229,2,0,1
0.16969650038336437,2469,1,37,1,-0.038306562631690924,0,-1.5399367774781674,-0.20374543196723224,2.0571805794526847,276,0,0,1
-1.0138960513302975,1972,1,6,1,0.13051292097560552,0,0.7983680394130015,-0.20374543196723224,0.14824554572465473,130,2,1,1
-0.15076310011111874,221,1,32,0,1.7061614346437057,2,1.4726031706638294,-0.20374543196723224,-0.6059511814916179,90,0,1,0
-0.20024709679655298,654,1,16,0,-1.4451355926924947,3,-1.5399367774781674,-0.20374543196723224,-1.0938682671429425,55,0,0,2
2.0717612645695405,1545,1,40,1,0.9183371778096556,2,0.1384783364866594,-0.20374543196723224,0.18818259075893404,216,3,1,3
-0.8186766981800474,441,1,27,3,1.2559761450242486,0,0.31062347638048776,-0.20374543196723224,0.9874497255994754,49,2,1,0
-0.9945357385200824,228,1,25,0,-0.26339920744141954,0,0.36800518967843054,-0.20374543196723224,0.8820403811197078,56,2,0,0
0.8377820372871971,360,1,15,1,0.017966598570741225,0,2.189874586888114,-0.20374543196723224,-1.2081797394106764,29,3,1,0
-0.11221441332559294,1374,1,3,0,1.087156661416952,0,0.08109662318871659,-0.20374543196723224,0.8641226240593731,58,0,1,3
-0.16720045272796205,1094,1,25,0,1.7061614346437057,2,1.1856946041741154,-0.20374543196723224,-0.63462062461983,150,0,1,2
-0.9368330655262266,2257,1,33,1,0.5244250493926306,1,-0.13408480167856887,-0.20374543196723224,0.39976225557979883,180,2,1,1
0.4533611902083447,51,1,13,0,1.1997029838218163,0,-0.8226653612538825,-0.20374543196723224,1.761243515929391,199,3,1,0
-0.6159264240609925,1410,1,22,1,-0.3196723686438517,0,0.0954420515132023,-0.20374543196723224,0.43459947255357123,92,1,0,3
-0.45038371381521053,813,1,26,2,0.8620640166072234,1,2.4050560117554,-0.20374543196723224,-0.7853892895932524,94,1,1,2
-0.026107444805560057,1598,1,3,0,1.1434298226193842,2,-0.793974504604911,-0.20374543196723224,-0.5080871061453776,287,0,1,3
-0.5893446801848002,1387,1,20,0,-1.3325892702876303,3,0.29627804805600205,-0.20374543196723224,-1.2657249920023768,26,1,0,3
0.028912982363789978,1022,1,6,2,0.7495176942023591,2,1.3865306007169151,-0.20374543196723224,-0.16385516100912834,119,0,1,2
0.7225830179013705,2055,1,15,1,1.087156661416952,0,-0.9087379312007966,-0.20374543196723224,1.6412492307039954,226,3,1,1
0.713023218680696,699,1,3,1,-1.1074966254779017,3,-0.2631936565989402,-0.20374543196723224,-1.0323788379682806,257,3,0,2
-0.8757947791352289,139,1,10,1,-0.8824039806681732,1,-0.019321375082683293,-0.20374543196723224,0.10753720651228135,27,2,0,0
1.0677674228550802,146,1,3,0,-0.7135844970608767,0,-0.5070659381151971,-0.20374543196723224,1.1789396276812258,233,3,0,0
-0.704509311803646,864,1,6,2,1.8187077570485701,2,0.08109662318871659,-0.20374543196723224,-1.0512974717547037,264,1,1,2
0.02289512314214232,1025,1,41,1,-1.2763161090851982,3,-1.2817190676374248,-0.20374543196723224,-0.8451117070221142,108,0,0,2
1.2792521897872695,1994,1,23,0,-1.3888624314900626,3,0.31062347638048776,-0.20374543196723224,-1.0642624367684155,169,3,0,1
-0.0902062424578528,637,1,34,0,-1.3888624314900626,3,0.2819326197315164,-0.20374543196723224,-1.2484185952102969,199,0,0,2
-0.16795698360154063,1499,1,16,1,-0.43221869104871596,1,-0.5787930797376255,-0.20374543196723224,1.21035890222699,181,0,0,3
-0.9013105022350149,759,1,6,2,-1.4451355926924947,3,-0.6935565063335111,-0.20374543196723224,-1.0887890757159628,314,2,0,2
0.10061147651884912,842,1,27,2,-1.5014087538949268,3,0.253241763082545,-0.20374543196723224,-1.2431407761856144,322,0,0,2
-0.5106998570996105,834,1,29,0,-1.1074966254779017,3,-0.8943925028763109,-0.20374543196723224,-1.0707062255874074,349,1,0,2
2.0717612645695405,932,1,36,2,-1.4451355926924947,3,-1.1669556410415391,-0.20374543196723224,-0.9038151906705507,264,3,0,2
0.265535206958976,1985,1,34,0,0.8620640166072234,0,0.29627804805600205,-0.20374543196723224,0.8979770213613937,47,0,1,1
-0.14591442496681978,1713,1,12,2,0.24305924338046983,1,-0.10539394502959748,-0.20374543196723224,0.09071835018729099,282,0,1,3
1.7974758381885851,1856,1,41,0,-1.1074966254779017,3,-1.3391007809353674,-0.20374543196723224,-0.8525254176169028,134,3,0,3
-0.972390016584419,1655,1,35,0,0.24305924338046983,1,0.7696771827640301,-0.20374543196723224,0.7392503545838922,183,2,1,3
-0.8239724142950973,1099,1,8,0,-0.26339920744141954,1,-0.650520221360054,-0.20374543196723224,-1.2606870738424523,143,2,0,2
-0.049903779556304005,1166,1,22,2,-0.43221869104871596,1,2.2759471568350285,-0.20374543196723224,0.4508585601941255,117,0,0,2
-0.8590479366155579,1198,1,19,2,0.07423975977317337,1,-0.10539394502959748,-0.20374543196723224,-0.7946345014136152,360,2,1,2
0.606696243175927,1417,1,15,2,-0.6010381746560124,0,0.7696771827640301,-0.20374543196723224,-1.2539027805702552,247,3,0,3
-0.356952150928258,494,1,34,0,0.8057908554047913,2,0.29627804805600205,-0.20374543196723224,-0.5392252065593284,11,1,1,0
-0.4394140161483214,793,1,3,0,-1.5014087538949268,3,1.2000400324986011,-0.20374543196723224,-0.9249935358282458,218,1,0,2
-1.0142743167670867,691,1,37,2,1.9875272406558664,2,-0.8513562179028538,-0.20374543196723224,0.11917368824265447,175,2,1,2
-0.8798869234059492,999,1,5,0,0.5806982105950628,0,-1.1813010693660249,-0.20374543196723224,-0.9273744874214921,278,2,1,2
-0.749179021111762,426,1,34,2,0.9183371778096556,0,0.540150329572259,-0.20374543196723224,-0.8491900217230052,259,2,1,0
-0.4360440149841987,2323,1,36,0,-1.2763161090851982,3,-1.5399367774781674,-0.20374543196723224,0.2991586671327703,169,1,0,1
-0.9593570528986791,361,1,17,1,0.9183371778096556,2,0.6118774711946875,-0.20374543196723224,-0.7293763070409761,279,2,1,0
0.6528102386972385,2247,1,34,0,0.1867860821780377,1,0.1528237648111451,-0.20374543196723224,-0.8003689059550959,11,3,1,1
-0.5111468980703615,536,1,31,1,0.7495176942023591,2,-0.9087379312007966,-0.20374543196723224,-0.7532425737156404,37,1,1,0
-0.4547853479887585,2421,1,9,0,0.9183371778096556,0,0.6118774711946875,-0.20374543196723224,1.5290040013682118,293,1,1,1
1.4584468435244464,2383,1,16,0,-0.9949503030730374,3,0.009369481566288104,-0.20374543196723224,-1.2026878153131448,218,3,0,1
-0.09653359158232816,1840,1,25,0,0.46815188819019843,2,-0.8083199329293967,-0.20374543196723224,-0.7750761319878366,17,0,1,3
1.171137050399497,1619,1,16,0,0.35560556578533414,2,2.2759471568350285,-0.20374543196723224,0.019114391004916183,212,3,1,3
-0.27514365328083074,2104,1,29,2,0.13051292097560552,1,0.2675871914070307,-0.20374543196723224,-1.1519784475774606,192,0,1,1
0.41694454497563105,1026,1,20,0,0.07423975977317337,0,-0.13408480167856887,-0.20374543196723224,1.5225860083411298,10,3,1,2
-0.0163069312160197,1627,1,22,0,0.07423975977317337,1,0.4971140445988019,-0.20374543196723224,-1.0726073754511372,48,0,1,3
-0.15602442845918782,1226,1,40,0,0.693244532999927,2,0.8414043243864586,-0.20374543196723224,-0.6572074200157834,279,0,1,2
-0.3858722629591476,2264,1,41,2,-1.3325892702876303,3,-0.37795708319482574,-0.20374543196723224,-0.9183640173075057,18,1,0,1
-0.9044397890302718,106,1,39,2,-1.0512234642754696,1,1.544330312286258,-0.20374543196723224,-0.4787418132691366,145,2,0,0
-0.148940548461134,918,1,22,0,0.017966598570741225,1,-0.8513562179028538,-0.20374543196723224,-0.09680931825716098,48,0,1,2
2.0717612645695405,1343,1,20,0,1.1434298226193842,2,0.7696771827640301,-0.20374543196723224,-0.30924282379023016,118,3,1,3
-0.5436433378672588,1084,1,7,1,-1.2763161090851982,3,-1.080883071094625,-0.20374543196723224,-1.2648195597063534,136,1,0,2
-0.8741785540871292,1381,1,14,2,-1.5014087538949268,3,0.38235061800291625,-0.20374543196723224,-0.19294249596627439,49,2,0,3
1.3204487346303204,396,1,43,1,-1.3325892702876303,3,0.6549137561681445,-0.20374543196723224,-1.1702083337199003,161,3,0,0
-0.8354235406997184,992,1,3,1,1.424795628631545,2,0.16716919313563078,-0.20374543196723224,-0.13641101799661703,321,2,1,2
-0.9823968567758447,2047,1,5,1,0.35560556578533414,1,-0.3492662265458544,-0.20374543196723224,-0.5467034066338908,238,2,1,1
-0.89051274340303,1335,1,43,1,1.03088350021452,2,1.0852766059027155,-0.20374543196723224,0.025687158783455268,282,2,1,3
0.5240968268879403,2430,1,10,2,1.2559761450242486,2,-0.9948105011477107,-0.20374543196723224,-1.0533482372115086,180,3,1,1
2.0717612645695405,1654,1,36,0,-0.8261308194657411,0,1.8742751637494288,-0.20374543196723224,2.1732693817829825,51,3,0,3
0.002847054992310454,1843,1,25,2,-0.3196723686438517,0,0.6118774711946875,-0.20374543196723224,-0.9410901099797703,206,0,0,3
1.3307306769575926,348,1,19,1,-0.7135844970608767,0,-0.19146651497651168,-0.20374543196723224,0.31582274870630384,85,3,0,0
-0.9469430690185947,273,1,43,2,0.1867860821780377,1,0.1384783364866594,-0.20374543196723224,0.8879424583086004,357,2,1,0
0.06591421963517785,1827,1,29,0,1.8749809182510022,2,-0.37795708319482574,-0.20374543196723224,-0.21550091599112728,5,0,1,3
0.11880260525171556,1017,1,34,1,0.9183371778096556,0,0.253241763082545,-0.20374543196723224,2.049511490517992,72,0,1,2
-0.25107221639424004,1468,1,4,1,1.6498882734412736,2,-0.13408480167856887,-0.20374543196723224,-0.25980776817487505,273,0,1,3
-0.27765396027043227,2023,1,4,0,-0.15085288503655522,0,2.5915465799737136,-0.20374543196723224,1.3809438945452863,201,0,0,1
-0.9606294002769704,2096,1,9,0,1.6498882734412736,2,0.43973233130085904,-0.20374543196723224,0.4493391880506565,350,2,1,1
0.6710357551970858,64,1,25,2,1.8749809182510022,2,0.5114594729232875,-0.20374543196723224,-0.69325188005092,166,3,1,0
0.18341721940872108,2485,1,33,2,1.6498882734412736,2,0.8414043243864586,-0.20374543196723224,-0.12133337762551756,109,0,1,1
-0.2706388558063402,2087,1,2,1,-1.2200429478827661,3,1.773857165478029,-0.20374543196723224,-1.2035751905548315,8,0,0,1
-0.019539381312219006,2185,1,12,1,0.1867860821780377,1,-0.10539394502959748,-0.20374543196723224,0.3104236894596466,139,0,1,1
0.4311123049717387,2160,1,0,1,-1.0512234642754696,3,-0.14843023000305458,-0.20374543196723224,-0.9475003642692797,61,3,0,1
1.0881593686747209,527,1,40,0,0.9183371778096556,2,0.540150329572259,-0.20374543196723224,-0.4721355109611151,239,3,1,0
-0.7666480067380308,39,1,19,2,1.3685224674291128,0,-0.7222473629824825,-0.20374543196723224,0.23497099812437516,27,2,1,0
-0.7890000552755793,693,1,11,2,0.8057908554047913,1,-1.1956464976905106,-0.20374543196723224,0.2106429867745308,48,2,1,2
-0.9279610216451688,900,1,16,0,0.9746103390120878,2,-1.0952284994191106,-0.20374543196723224,-0.8859464456148439,53,2,1,2
-0.9576032767826561,275,1,23,2,0.1867860821780377,1,0.5114594729232875,-0.20374543196723224,-0.35491943252437214,100,2,1,0
0.0727917730313466,167,1,20,0,0.5244250493926306,1,0.0667511948642309,-0.20374543196723224,-0.5450369984765374,317,0,1,0
-0.40368512625522474,504,1,23,2,-0.26339920744141954,0,0.7696771827640301,-0.20374543196723224,1.6913730339633342,247,1,0,0
2.0717612645695405,783,1,43,2,1.3122493062266807,0,0.2819326197315164,-0.20374543196723224,0.4893613591982371,81,3,1,2
-0.9726651187202657,972,1,20,0,-0.43221869104871596,1,1.2861126024455152,-0.20374543196723224,-0.6122788892470168,215,2,0,2
0.23609927842337372,2201,1,32,0,-1.1074966254779017,3,0.8127134677374872,-0.20374543196723224,-1.0410900768961167,181,0,0,1
-0.11410574050953938,140,1,9,1,1.4810687898339772,2,-1.4825550641802245,-0.20374543196723224,0.48675340463618727,336,0,1,0
-0.8320879273025764,993,1,0,1,-0.6010381746560124,1,0.29627804805600205,-0.20374543196723224,-0.04279808915706161,154,2,0,2
-0.5339803753456417,1754,1,3,2,-1.1637697866803338,3,-0.6361747930355683,-0.20374543196723224,-0.8883609317375726,360,1,0,3
-0.9125896898047318,62,1,40,0,-1.3888624314900626,3,-1.4969004925047102,-0.20374543196723224,-1.0604420799866194,4,2,0,0
-0.6979068605433241,1167,1,43,2,-0.3196723686438517,1,0.8127134677374872,-0.20374543196723224,0.854526589469041,291,1,0,2
-1.0008974754115385,2277,1,40,1,-1.3325892702876303,3,-0.19146651497651168,-0.20374543196723224,-0.9864262142607069,247,2,0,1
-0.4070895151863283,1506,1,40,2,-0.6010381746560124,1,-0.30622994157239725,-0.20374543196723224,0.8667460560965687,189,1,0,3
-0.5841177396037119,1551,1,43,0,-1.2763161090851982,3,-1.1095739277435963,-0.20374543196723224,-1.1393256116458537,108,1,0,3
-0.896427439323735,1101,1,8,1,0.46815188819019843,0,0.6836046128171159,-0.20374543196723224,1.8598401917658607,96,2,1,2
-0.704956352774397,525,1,29,1,0.35560556578533414,0,0.7840226110885158,-0.20374543196723224,1.0657089990944997,49,1,1,0
-0.336491429574656,1988,1,43,2,-0.4884918522511481,1,-0.2775390849234259,-0.20374543196723224,-0.5816283293001555,236,1,0,1
-0.5466350735945923,2015,1,11,1,0.7495176942023591,1,-1.080883071094625,-0.20374543196723224,-0.6392019572629563,77,1,1,1
-0.5498331359238108,1303,1,22,1,-1.1637697866803338,3,-0.6935565063335111,-0.20374543196723224,0.6078904434431732,270,1,0,3
-0.5629348751435123,1703,1,34,1,-1.3325892702876303,3,0.5114594729232875,-0.20374543196723224,-0.886965379395269,138,1,0,3
-1.0166126849217842,1983,1,16,1,-0.09457972383412307,0,0.253241763082545,-0.20374543196723224,2.2711953670298053,313,2,0,1
-0.13903687157065112,1529,1,18,1,1.3685224674291128,2,-0.29188451324791154,-0.20374543196723224,0.6093556444236327,40,0,1,3
-0.8275831298280858,586,1,4,1,-0.4884918522511481,0,-0.14843023000305458,-0.20374543196723224,1.5514231241167535,35,2,0,0
-0.6144133623138354,1777,1,13,0,0.299332404582902,1,-0.9948105011477107,-0.20374543196723224,0.7396166548290071,343,1,1,3
-0.546463134759688,1577,1,34,2,1.1997029838218163,0,0.009369481566288104,-0.20374543196723224,0.7577614148581453,291,1,1,3
1.7778748110095042,1436,1,1,0,0.5244250493926306,0,-0.9230833595252823,-0.20374543196723224,2.53472001801882,128,3,1,3
-0.20220719951446103,67,1,8,0,1.3685224674291128,0,-0.7222473629824825,-0.20374543196723224,2.1608487079785608,14,0,1,0
1.334891596762275,54,1,23,0,-1.3325892702876303,3,-1.2673736393129391,-0.20374543196723224,-1.1821517853739965,42,3,0,0
2.0008794798802763,650,1,8,0,0.8620640166072234,1,0.2819326197315164,-0.20374543196723224,-0.039991506997308586,42,3,1,2
-0.06950480673538491,670,1,2,1,1.3122493062266807,0,-1.4969004925047102,-0.20374543196723224,0.9887988455163419,154,0,1,2
-0.990443594249362,1093,1,21,0,1.9312540794534343,2,1.1426583192006583,-0.20374543196723224,-0.27466872389393476,234,2,1,2
1.1716184791372286,1728,1,7,2,1.1434298226193842,2,1.257421745796544,-0.20374543196723224,-0.24778176998666854,106,3,1,3
-0.6658230739501968,1608,1,36,1,0.35560556578533414,0,0.8557497527109443,-0.20374543196723224,1.6196529937173665,64,1,1,3
0.7181126081938609,302,1,10,1,0.4118787269877663,2,0.9131314660088871,-0.20374543196723224,0.06143754679082373,226,3,1,0
0.2582106125920563,343,1,24,0,0.07423975977317337,0,-0.40664793984379716,-0.20374543196723224,-0.9750683270829565,116,0,1,0
-0.9714959346429171,2236,1,41,1,0.299332404582902,1,-1.1813010693660249,-0.20374543196723224,-0.6793969602163306,171,2,1,1
-0.9752785890108098,791,1,23,1,-0.09457972383412307,1,-0.30622994157239725,-0.20374543196723224,-1.0550327024231985,247,2,0,2
-0.4430935072152717,1170,1,22,0,-0.26339920744141954,0,0.23889633475805927,-0.20374543196723224,2.3763931860159153,111,1,0,2
-0.76946780363046,844,1,15,0,0.6369713717974949,2,-0.2631936565989402,-0.20374543196723224,-0.5871847428774606,205,2,1,2
-0.3276193856935983,1285,1,9,2,0.9183371778096556,0,1.0996220342272012,-0.20374543196723224,1.8157448650757708,145,1,1,3
-0.5036847526355184,1433,1,19,2,-0.20712604623898737,0,1.2143854608230868,-0.20374543196723224,2.3891234093232505,127,1,0,3
-0.9390338826130006,2018,1,37,0,0.07423975977317337,0,-1.2530282109884534,-0.20374543196723224,0.7320946019081983,320,2,1,1
-0.850003953899596,1566,1,4,1,0.1867860821780377,1,0.39669604632740196,-0.20374543196723224,0.23928921369002448,213,2,1,3
1.4558333732339024,303,1,29,0,-1.2763161090851982,3,-0.33492079822136867,-0.20374543196723224,-1.2181756087756055,68,3,0,0
-0.5565731382520561,2044,1,20,2,-1.4451355926924947,3,-0.2631936565989402,-0.20374543196723224,-1.0389077529005735,197,1,0,1
-0.6182991799826707,1271,1,28,0,-1.5014087538949268,3,2.577201151649228,-0.20374543196723224,-1.1297785890601497,121,1,0,3
-0.982500020076787,2056,1,7,0,-0.6010381746560124,1,-1.5255913491536817,-0.20374543196723224,-0.6003173805385842,45,2,0,1
-0.7169232956837306,138,1,15,2,0.299332404582902,1,2.4050560117554,-0.20374543196723224,0.03521870389401367,174,1,1,0
-1.0005535977417301,1153,1,15,0,-1.1074966254779017,3,1.4726031706638294,-0.20374543196723224,-0.9849997069681119,99,2,0,2
-0.6646882776398289,178,1,3,0,-0.7135844970608767,1,-1.2386827826639677,-0.20374543196723224,0.3572327334586153,191,1,0,0
-0.481539030699855,383,1,28,0,1.424795628631545,2,0.23889633475805927,-0.20374543196723224,-0.2850566892958882,127,1,1,0
0.716530770912742,24,1,32,0,1.3122493062266807,2,0.8557497527109443,-0.20374543196723224,-0.6665454966870205,292,3,1,0
-0.9137244861150995,2177,1,18,0,0.07423975977317337,0,-0.837010789578368,-0.20374543196723224,1.5232025277677665,61,2,1,1
-0.9943637996851782,1770,1,1,0,0.299332404582902,0,0.6262228995191731,-0.20374543196723224,0.3006754596970486,107,2,1,3
-0.07088031741461859,274,1,32,0,0.46815188819019843,2,-0.6935565063335111,-0.20374543196723224,-0.8708817031396991,333,0,1,0
-0.5192624110778405,643,1,22,0,1.3122493062266807,2,1.6877845955311148,-0.20374543196723224,0.047871539825620535,301,1,1,2
0.24988877298269202,2180,1,11,2,-0.6010381746560124,1,-1.4395187792067674,-0.20374543196723224,-0.023404812799503575,129,0,0,1
0.9012618551338348,524,1,2,0,0.8620640166072234,0,-0.3492662265458544,-0.20374543196723224,1.2214098194810175,295,3,1,0
0.4552181296253101,478,1,19,1,-1.0512234642754696,3,1.4152214573658866,-0.20374543196723224,-1.134310909698648,306,3,0,0
-0.8941922344699802,232,1,40,1,-0.6573113358584446,0,0.1958600497846022,-0.20374543196723224,0.28586351598261683,94,2,0,0
-0.7483881024712027,686,1,32,2,0.693244532999927,2,-1.3964824942333103,-0.20374543196723224,-0.7428778245264056,149,2,1,2
-0.5649637533953821,1453,1,5,1,-0.4884918522511481,1,-0.2631936565989402,-0.20374543196723224,1.084364515803446,49,1,0,3
-0.5512086466030445,1489,1,5,2,0.4118787269877663,1,0.2675871914070307,-0.20374543196723224,-0.12662409454615495,193,1,1,3
-0.3198477503559276,1832,1,7,1,0.5806982105950628,2,-1.1813010693660249,-0.20374543196723224,0.4224728707769178,202,1,1,3
1.561816471068863,1676,1,6,1,1.8749809182510022,2,-1.324755352610882,-0.20374543196723224,0.006440918439781509,285,3,1,3
-1.0176443179312096,2479,1,2,0,0.4118787269877663,1,-1.2673736393129391,-0.20374543196723224,-0.7485580579048763,51,2,1,1
-0.13614829914426013,1255,1,20,2,1.2559761450242486,0,-1.3104099242863962,-0.20374543196723224,2.122155020114319,232,0,1,3
1.6192784296938527,836,1,38,0,1.03088350021452,0,0.5114594729232875,-0.20374543196723224,-0.8532502793695597,340,3,1,2
-0.3936782860637992,850,1,36,2,0.5244250493926306,0,0.0524057665397452,-0.20374543196723224,-1.1832558452677227,121,1,1,2
-0.38604420179405186,1628,1,32,2,0.5244250493926306,0,-0.019321375082683293,-0.20374543196723224,1.1020578494741684,187,1,1,3
0.53142142125486,2293,1,13,0,0.9746103390120878,2,0.6692591844926302,-0.20374543196723224,-0.5536063605488716,75,3,1,1
-0.5250051681636415,1239,1,6,1,0.693244532999927,0,-1.2817190676374248,-0.20374543196723224,1.6546037121755404,220,1,1,2
-0.771221579746483,672,1,13,0,-0.26339920744141954,0,-1.2817190676374248,-0.20374543196723224,1.9641480559310929,324,2,0,2
-0.765685149262567,1669,1,41,2,1.3685224674291128,2,-0.6935565063335111,-0.20374543196723224,-0.3067870644004463,125,2,1,3
-0.9443639864950314,803,1,10,1,-0.038306562631690924,0,-0.6648656496845398,-0.20374543196723224,0.6042480776255527,279,2,0,2
1.6545602786161984,1078,1,2,1,0.9746103390120878,0,-0.32057536989688296,-0.20374543196723224,0.5035799996987504,189,3,1,2
1.6963414154979237,961,1,24,2,-0.9386771418706054,3,1.1139674625516869,-0.20374543196723224,-1.0637233047175072,262,3,0,2
0.3767452453750247,2485,1,24,1,0.8057908554047913,1,-0.23450279994996878,-0.20374543196723224,-0.20921964066116527,78,0,1,1
1.6184187355193316,1664,1,13,0,0.6369713717974949,0,-1.324755352610882,-0.20374543196723224,1.9836806295649618,152,3,1,3
-1.004783293080374,1964,1,1,2,-1.3325892702876303,3,0.2245509064335736,-0.20374543196723224,-1.108744700337148,3,2,0,1
-0.29371304745048626,1502,1,1,1,0.46815188819019843,0,-0.44968422481725423,-0.20374543196723224,2.105885614157001,66,1,1,3
-0.8497288517637492,347,1,1,2,-1.3325892702876303,3,0.38235061800291625,-0.20374543196723224,-1.1005674343018383,120,2,0,0
-0.7528928999456933,2452,1,18,1,0.24305924338046983,1,0.38235061800291625,-0.20374543196723224,-0.6804597468430017,248,2,1,1
1.3964800874249659,1036,1,42,0,-1.4451355926924947,3,0.9274768943333728,-0.20374543196723224,-0.9987875577437366,290,3,0,2
-0.5612498745614508,164,1,43,2,-1.1074966254779017,3,0.8270588960619729,-0.20374543196723224,-1.1158153268995403,35,1,0,0
1.9644972224145432,83,1,36,2,0.24305924338046983,1,-0.004975946758197594,-0.20374543196723224,-0.3039701639239295,214,3,1,0
-0.8387247663298792,614,1,16,1,-1.1637697866803338,3,-0.7079019346579968,-0.20374543196723224,-1.0701232406902528,325,2,0,0
-0.40499186140049676,1653,1,15,0,1.8749809182510022,2,0.0237149098907738,-0.20374543196723224,0.5678889089291203,235,1,1,3
2.0717612645695405,1063,1,30,2,1.5936151122388413,2,-1.1813010693660249,-0.20374543196723224,-0.9605478758171021,210,3,1,2
0.3003356271435899,867,1,13,0,0.7495176942023591,2,-1.5399367774781674,-0.20374543196723224,0.7205071321824535,13,0,1,2
-0.23783292610661513,1423,1,15,2,1.4810687898339772,2,-0.837010789578368,-0.20374543196723224,-0.18163362079315196,78,0,1,3
-0.8801276377748152,1510,1,16,0,0.1867860821780377,1,-1.3677916375843389,-0.20374543196723224,-0.30059349476297675,340,2,1,3
-0.952582662803453,616,1,26,0,-1.3888624314900626,3,1.730820880504572,-0.20374543196723224,-0.925130253525366,360,2,0,0
0.6446603379227785,969,1,33,1,1.2559761450242486,0,-0.6074839363865969,-0.20374543196723224,0.7565644901135449,21,3,1,2
-0.29371304745048626,1119,1,15,2,-0.6573113358584446,0,-0.13408480167856887,-0.20374543196723224,0.10899466875516793,2,1,0,2
0.01615512081389701,168,1,7,1,-1.3325892702876303,3,2.4624377250533427,-0.20374543196723224,-1.1733657386496223,182,0,0,0
-0.3359068375359816,906,1,11,2,1.424795628631545,0,-0.4353387964927685,-0.20374543196723224,-0.890182114646383,143,1,1,2
-0.8865925379672138,1957,1,20,2,-0.9949503030730374,1,-0.9948105011477107,-0.20374543196723224,-1.129309105647397,360,2,0,1
0.7536695592520535,2415,1,37,0,-0.8824039806681732,1,-1.1813010693660249,-0.20374543196723224,-0.9594773504528579,286,3,0,1
-0.8763449834069224,278,1,14,0,0.1867860821780377,1,0.23889633475805927,-0.20374543196723224,-0.007259226643350933,1,2,1,0
-0.5465319102936497,2115,1,29,0,-0.9949503030730374,3,-0.10539394502959748,-0.20374543196723224,-1.0599622782571028,183,1,0,1
-0.6926455321952549,1356,1,6,2,-1.3325892702876303,3,0.16716919313563078,-0.20374543196723224,-0.8949852910999307,59,1,0,3
-0.7002452286980214,11,1,22,2,1.2559761450242486,2,0.45407775962534475,-0.20374543196723224,0.09400473407656053,90,1,1,0
2.0717612645695405,163,1,27,1,1.087156661416952,0,0.5688411862212304,-0.20374543196723224,-0.8719341714496065,187,3,1,0
-0.7477347348985667,2310,1,19,2,0.35560556578533414,0,-0.14843023000305458,-0.20374543196723224,2.499276599935174,43,2,1,1
-0.7561253500418925,854,1,6,0,0.5806982105950628,0,0.1815146214601165,-0.20374543196723224,-0.09680931825716098,248,2,1,2
-0.21685638824830045,508,1,17,2,-1.4451355926924947,3,2.548510295000257,-0.20374543196723224,-1.0002114854571407,345,0,0,0
-0.9692263420221813,923,1,19,1,-1.0512234642754696,1,0.009369481566288104,-0.20374543196723224,0.3874163895719149,70,2,0,2
-0.1877643373825067,1044,1,17,0,0.8620640166072234,0,0.39669604632740196,-0.20374543196723224,-1.0900479103611462,257,0,1,2
-0.5976321320271836,1330,1,17,2,1.9312540794534343,2,1.5586757406107434,-0.20374543196723224,-0.013777823258880306,207,1,1,3
-0.5757271244603861,1578,1,19,0,0.4118787269877663,1,0.1528237648111451,-0.20374543196723224,0.5307429685794481,198,1,1,3
-0.5448469097115883,1242,1,9,2,-1.3325892702876303,3,-0.7222473629824825,-0.20374543196723224,-1.2580197889590106,174,1,0,2
-0.8853545783559034,2036,1,32,2,-1.1074966254779017,3,0.8414043243864586,-0.20374543196723224,-0.999076470613123,24,2,0,1
-0.7046812506385502,1928,1,39,2,-1.3325892702876303,3,0.4110414746518877,-0.20374543196723224,-1.1111050152968667,350,1,0,1
-0.06558460129956876,1143,1,26,1,0.7495176942023591,1,-0.17712108665202597,-0.20374543196723224,-0.9508847721678054,319,0,1,2
-0.6284091834750387,2208,1,32,0,0.35560556578533414,0,0.7553317544395445,-0.20374543196723224,2.135674594654085,318,1,1,1
0.02014410178367478,415,1,38,1,-0.9949503030730374,1,-1.5686276341271388,-0.20374543196723224,-0.5953981230214436,54,0,0,0
-0.9132774451443486,757,1,5,0,0.4118787269877663,1,-0.650520221360054,-0.20374543196723224,0.11261381836006995,190,2,1,2
-0.6322606133768933,2145,1,40,2,-0.9949503030730374,1,0.2245509064335736,-0.20374543196723224,-0.08897513625424777,193,1,0,1
1.5319335015625095,1127,1,36,2,-0.9949503030730374,1,-1.1956464976905106,-0.20374543196723224,0.7116514368199239,218,3,0,2
-0.13745503428953218,379,1,5,0,-1.0512234642754696,3,-0.5644476514131398,-0.20374543196723224,-1.026935925875377,179,0,0,0
0.2816630696729917,43,1,13,0,0.8620640166072234,0,1.7164754521800862,-0.20374543196723224,0.649444884630178,48,0,1,0
0.9462066665777974,1759,1,42,2,0.4118787269877663,2,-0.004975946758197594,-0.20374543196723224,-0.2794641616099097,19,3,1,3
-0.9300586754310003,1471,1,2,2,1.8187077570485701,2,0.6262228995191731,-0.20374543196723224,0.5123970013734157,31,2,1,3
-0.313589176765414,1512,1,32,2,-1.3888624314900626,3,-0.10539394502959748,-0.20374543196723224,-0.9305705860390785,92,1,0,3
0.8144327435072043,2399,1,23,2,0.1867860821780377,1,-0.062357660056140386,-0.20374543196723224,-0.374676429547854,319,3,1,1
0.4533955779753255,1005,1,33,1,0.5806982105950628,2,-0.6792110780090255,-0.20374543196723224,-0.42206071970640446,241,3,1,2
0.22162202852443855,715,1,33,0,1.087156661416952,2,0.6836046128171159,-0.20374543196723224,0.5036186933866146,241,0,1,2
1.858720451181468,2222,1,31,1,-1.1074966254779017,3,1.3865306007169151,-0.20374543196723224,0.23300535878087172,49,3,0,1
-0.617336322507207,630,1,1,2,-0.7698576582633089,0,-0.6648656496845398,-0.20374543196723224,2.2146406728474304,126,1,0,2
-0.5553695664077265,1456,1,1,0,0.1867860821780377,0,0.16716919313563078,-0.20374543196723224,1.1095050945984395,189,1,1,3
-0.3840153235421821,1442,1,0,1,0.46815188819019843,2,-1.3821370659088246,-0.20374543196723224,0.2595647061308873,257,1,1,3
-0.6300941840571,1773,1,8,2,-0.3759455298462838,1,2.2042200152126,-0.20374543196723224,0.12170683500816676,142,1,0,3
0.2000952863944302,2255,1,13,2,1.3685224674291128,0,-0.33492079822136867,-0.20374543196723224,0.4136455507854887,116,0,1,1
-0.24949037911312122,157,1,14,1,0.46815188819019843,0,-1.1813010693660249,-0.20374543196723224,0.8490604611634195,354,0,1,0
1.5141894138003942,1308,1,42,0,0.8620640166072234,2,-0.39230251151931145,-0.20374543196723224,-0.12000489434217869,284,3,1,3
-0.2529291558112056,1287,1,13,0,-0.9949503030730374,3,-0.33492079822136867,-0.20374543196723224,-0.8706547001708955,112,0,0,3
0.8957598124168997,1851,1,38,0,1.3685224674291128,0,-0.9517742161742537,-0.20374543196723224,0.032946094626787104,206,3,1,3
2.0717612645695405,392,1,22,2,-0.6573113358584446,1,-0.3492662265458544,-0.20374543196723224,-1.0680337815455836,14,3,0,0
-0.926172857762165,2084,1,4,0,0.9746103390120878,2,0.6405683278436588,-0.20374543196723224,0.21696295579235697,140,2,1,1
0.04579737595138416,2210,1,11,1,-0.4884918522511481,0,0.6692591844926302,-0.20374543196723224,1.2518952863596582,268,0,0,1
-0.744124019365578,451,1,18,2,0.4118787269877663,0,-0.04801223173165469,-0.20374543196723224,1.1746059346404305,211,2,1,0
-0.930780818537598,2278,1,11,1,1.1997029838218163,0,-0.062357660056140386,-0.20374543196723224,0.03446288719106541,241,2,1,1
1.8857148482614303,55,1,28,1,1.5936151122388413,2,0.9131314660088871,-0.20374543196723224,-0.878798431676723,286,3,1,0
-0.8151347581810204,920,1,14,0,-0.9949503030730374,3,-0.9087379312007966,-0.20374543196723224,-1.1114042464830167,227,2,0,2
1.5887077048478826,1151,1,35,0,0.8620640166072234,1,-0.07670308838062609,-0.20374543196723224,0.5474044705737907,121,3,1,2
0.01629267188182026,378,1,5,0,-1.2763161090851982,3,2.3620197267819427,-0.20374543196723224,-1.0465587847809295,285,0,0,0
0.41697893274261183,1640,1,2,3,0.7495176942023591,0,0.5975320428702018,-0.20374543196723224,1.4476311757897118,140,3,1,3
-0.6145509133817587,951,1,19,1,-0.7135844970608767,0,-1.2673736393129391,-0.20374543196723224,2.180061413792752,47,1,0,2
0.6435599293793915,1946,1,27,0,1.424795628631545,2,-0.062357660056140386,-0.20374543196723224,-0.5085385325037938,36,3,1,1
-0.7491102455778004,322,1,23,0,-0.3759455298462838,0,0.36800518967843054,-0.20374543196723224,1.239962153022326,353,2,0,0
-0.8945704999067696,811,1,24,0,1.7061614346437057,2,2.0320748753187714,-0.20374543196723224,0.7306216621901661,72,2,1,2
-0.7184363574308877,2362,1,7,1,0.24305924338046983,1,-0.8083199329293967,-0.20374543196723224,-0.3498325023598199,53,1,1,1
2.0717612645695405,1295,1,30,2,-0.7698576582633089,0,-0.9230833595252823,-0.20374543196723224,1.192908049000217,319,3,0,3
1.4049738658692346,1700,1,42,2,0.8057908554047913,0,0.0667511948642309,-0.20374543196723224,-0.02739026264952043,354,3,1,3
-0.5165801652533347,1411,1,41,2,0.5244250493926306,2,0.0667511948642309,-0.20374543196723224,-0.2636229657982892,75,1,1,3
-0.6185742821185175,2171,1,8,2,1.4810687898339772,2,1.5299848839617722,-0.20374543196723224,-0.059095870485480075,14,1,1,1
-0.6546126619144417,98,1,20,1,0.693244532999927,2,-0.46402965314173994,-0.20374543196723224,-0.979987584600097,38,1,1,0
2.0717612645695405,590,1,4,0,1.8749809182510022,2,-0.23450279994996878,-0.20374543196723224,-0.6696306733993959,340,3,1,0
0.9891225997698905,12,1,19,0,-1.2200429478827661,3,-1.123919356068082,-0.20374543196723224,-0.16359204393165136,305,3,0,0
0.9910827024877987,1064,1,6,1,0.5806982105950628,2,0.0237149098907738,-0.20374543196723224,0.3641460056903599,96,3,1,2
-0.7481473881023368,2216,1,7,1,0.6369713717974949,2,0.29627804805600205,-0.20374543196723224,-0.9013981249686311,38,2,1,1
-0.42517748061825206,1857,1,1,2,-1.3888624314900626,3,2.4194014400798856,-0.20374543196723224,-0.9335654774797707,61,1,0,3
0.1338644471893251,195,1,12,0,1.9875272406558664,4,-0.8943925028763109,-0.20374543196723224,0.38488324280640235,228,0,1,0
2.0717612645695405,2219,1,19,2,0.299332404582902,0,-0.14843023000305458,-0.20374543196723224,0.9033090115490863,317,3,1,1
0.43341628535945526,2164,1,20,1,-0.9386771418706054,3,1.056585749253744,-0.20374543196723224,-0.8203374284722357,245,3,0,1
-0.5548193621360331,1860,1,38,0,0.693244532999927,2,-0.39230251151931145,-0.20374543196723224,0.053249962438750235,154,1,1,3
0.9907388248179902,2485,1,30,0,-1.0512234642754696,3,0.0237149098907738,-0.20374543196723224,-1.1765334618961085,279,3,0,1
0.04184278274858721,629,1,20,2,-1.1074966254779017,3,0.6836046128171159,-0.20374543196723224,-0.8197234886247897,84,0,0,2
-0.0028957020934905105,340,1,4,1,-0.4884918522511481,0,-0.03366680340716899,-0.20374543196723224,-1.046992154085009,213,0,0,0
2.0717612645695405,1446,1,30,2,-1.4451355926924947,3,-0.9948105011477107,-0.20374543196723224,1.2521248689076525,202,3,0,3
-0.7542340228579462,1162,1,42,1,0.7495176942023591,2,2.1324928735901714,-0.20374543196723224,-0.8148300268995585,275,2,1,2
-0.7024460457847954,1780,1,39,2,-0.26339920744141954,1,-0.7079019346579968,-0.20374543196723224,0.3059506991425402,122,1,0,3
-0.6844268558868333,1631,1,20,2,-0.20712604623898737,1,0.253241763082545,-0.20374543196723224,-0.25686704789719256,52,1,0,3
-0.017510503060349115,1440,1,8,0,-1.3325892702876303,3,-0.42099336816828287,-0.20374543196723224,-0.943708382858584,335,0,0,3
-0.8246601696347141,1169,1,0,0,-1.2763161090851982,3,0.2245509064335736,-0.20374543196723224,-0.9058324215978732,55,2,0,2
0.48152477136565575,1201,1,39,2,-0.9949503030730374,3,-0.39230251151931145,-0.20374543196723224,-0.9939302101271789,217,3,0,2
-0.1282047249716852,1056,1,2,2,1.5373419510364092,2,2.4767831533778284,-0.20374543196723224,0.5703988394819139,68,0,1,2
1.4769130743931596,287,1,29,2,0.693244532999927,2,0.39669604632740196,-0.20374543196723224,-0.7633029325603433,26,3,1,0
0.9350306423090232,765,1,15,0,1.5373419510364092,2,-0.2631936565989402,-0.20374543196723224,-0.5596038821678291,136,3,1,2
-0.7537869818871952,2361,1,1,2,0.24305924338046983,4,1.5156394556372865,-0.20374543196723224,1.9843487405754179,91,2,1,1
2.0717612645695405,935,1,4,2,-0.8824039806681732,1,-1.1382647843925677,-0.20374543196723224,-0.21590848950329727,351,3,0,2
-0.9718398123127254,58,1,28,1,1.6498882734412736,2,2.448092296728857,-0.20374543196723224,0.07490037058838904,237,2,1,0
2.0717612645695405,1284,1,29,1,0.9183371778096556,2,-1.0235013577966823,-0.20374543196723224,-0.6815276926280548,302,3,1,3
-0.8096327154640854,1763,1,33,0,-0.9949503030730374,1,0.1384783364866594,-0.20374543196723224,0.626321536762507,4,2,0,3
-0.9254851024225481,1058,1,27,2,0.5244250493926306,1,-1.3821370659088246,-0.20374543196723224,0.6162895532889048,119,2,1,2
-1.0072936000699753,706,1,38,0,-0.8824039806681732,0,-1.2530282109884534,-0.20374543196723224,1.3922011781345898,148,2,0,2
0.46233639739034493,737,1,2,1,1.5936151122388413,2,0.1384783364866594,-0.20374543196723224,0.3602585798495989,67,3,1,2
-0.4065393109146347,2371,1,15,1,0.5806982105950628,1,-0.7509382196314539,-0.20374543196723224,0.6343182322544504,357,1,1,1
-0.16510279894213065,947,1,10,0,-1.5014087538949268,3,-0.9087379312007966,-0.20374543196723224,-1.1770467981551074,10,0,0,2
-0.7586356570314942,2188,1,37,0,-1.2200429478827661,3,-0.29188451324791154,-0.20374543196723224,-1.0414151038741764,340,2,0,1
0.1735823180521997,197,1,16,0,1.3685224674291128,0,1.8742751637494288,-0.20374543196723224,0.558259339809306,98,0,1,0
-0.9241095917433143,307,1,20,0,0.693244532999927,0,0.38235061800291625,-0.20374543196723224,1.5704836347586792,353,2,1,0
0.10043953768394506,1316,1,42,0,-1.4451355926924947,3,2.2616017285105428,-0.20374543196723224,-1.1161971046198007,120,0,0,3
-0.1623517775836631,2162,1,27,1,1.7624345958461378,2,1.8168934504514862,-0.20374543196723224,-0.17140043014265546,284,0,1,1
-0.9605950125099896,368,1,0,0,0.6369713717974949,0,-1.2386827826639677,-0.20374543196723224,1.4315320220589958,133,2,1,0
-0.3396207163699128,752,1,2,1,-1.0512234642754696,3,-1.1382647843925677,-0.20374543196723224,-1.2532811019852363,226,1,0,2
0.9931459685066495,1626,1,33,1,-1.2200429478827661,3,-0.9230833595252823,-0.20374543196723224,-0.8719960813501894,173,3,0,3
0.474200176998736,2309,1,41,2,-0.9949503030730374,3,0.0667511948642309,-0.20374543196723224,-0.9831475691090101,226,3,0,1
0.7356503693540911,1032,1,26,2,-0.9949503030730374,3,2.5054740100268,-0.20374543196723224,0.18549208966277367,94,3,0,2
0.12107219787245133,1579,1,10,0,1.6498882734412736,2,-1.5399367774781674,-0.20374543196723224,0.6427250808377546,183,0,1,3
-0.3343593880218437,1890,1,32,2,0.6369713717974949,1,2.1324928735901714,-0.20374543196723224,1.1593477237259646,265,1,1,1
-0.2881766169665705,2136,1,1,2,0.8057908554047913,1,0.8414043243864586,-0.20374543196723224,-0.2396431976392232,258,0,1,1
-0.09013746692389117,325,1,30,2,-1.2200429478827661,3,0.2819326197315164,-0.20374543196723224,-0.990806339726939,102,0,0,0
0.03300512663451038,1184,1,7,0,-1.0512234642754696,1,0.009369481566288104,-0.20374543196723224,1.1608799937653889,80,0,0,2
1.190669302044616,1836,1,11,0,-0.3759455298462838,0,-0.49272050979071136,-0.20374543196723224,1.774747612994011,38,3,0,3
-0.6818821611302508,314,1,24,1,0.13051292097560552,1,-1.5399367774781674,-0.20374543196723224,1.1426294709894214,305,1,1,0
2.036573982006392,1602,1,41,2,-0.4884918522511481,1,0.7122954694660873,-0.20374543196723224,-0.07287856210272306,299,3,0,3
0.8290475444740629,1744,1,18,2,-0.9949503030730374,3,0.21020547810908788,-0.20374543196723224,-1.2424133348537665,184,3,0,3
-0.19116872631361018,986,1,23,0,-1.1074966254779017,3,0.6118774711946875,-0.20374543196723224,-0.9451245718344153,33,0,0,2
-0.5716349801896657,645,1,1,0,1.087156661416952,0,-0.36361165487034003,-0.20374543196723224,1.5723099768258715,207,1,1,2
1.7314857133523458,2288,1,36,1,-1.3888624314900626,3,-0.5070659381151971,-0.20374543196723224,-1.1391424615232963,318,3,0,1
-0.9902372676474769,925,1,9,2,0.693244532999927,0,0.6549137561681445,-0.20374543196723224,2.170522129944621,197,2,1,2
-0.9224589789282339,1003,1,11,0,-1.3888624314900626,3,0.6262228995191731,-0.20374543196723224,-1.147110781644139,125,2,0,2
0.46264588729317246,779,1,1,2,-1.2200429478827661,3,-0.29188451324791154,-0.20374543196723224,-1.2296005650123205,186,3,0,2
2.0239192837574413,1550,1,33,0,0.13051292097560552,1,-0.8657016462273395,-0.20374543196723224,0.6848160744964769,220,3,1,3
-0.33542540879824984,1625,1,40,0,-0.8824039806681732,1,-0.937428787849768,-0.20374543196723224,1.2187476937559578,83,1,0,3
-0.8752101870965545,2014,1,33,0,-0.038306562631690924,0,0.7409863261150588,-0.20374543196723224,-1.2486791327085829,192,2,0,1
-0.4494896318737086,1281,1,16,0,-0.8261308194657411,1,0.7553317544395445,-0.20374543196723224,0.07436381811667157,41,1,0,3
0.20958631008114323,1434,1,24,0,0.46815188819019843,2,-1.3534462092598532,-0.20374543196723224,0.6578181986839999,295,0,1,3
1.0027401554943047,38,1,9,2,-0.9386771418706054,3,2.3620197267819427,-0.20374543196723224,-0.8211628938133395,76,3,0,0
-0.770121171203096,2112,1,15,2,1.3122493062266807,0,0.109787479837688,-0.20374543196723224,0.46489663015127247,26,2,1,1
-0.46221310565662077,2194,1,40,2,-0.4884918522511481,1,0.39669604632740196,-0.20374543196723224,0.6236490927206835,159,1,0,1
0.9905324982161053,1948,1,26,2,-0.09457972383412307,0,-0.14843023000305458,-0.20374543196723224,1.7958253545632592,204,3,0,1
-0.8893435593256814,1861,1,28,2,1.5373419510364092,2,0.1384783364866594,-0.20374543196723224,-0.9502992076914598,359,2,1,3
0.6216205340456132,1534,1,37,0,-1.2200429478827661,3,-0.9661196444987394,-0.20374543196723224,-0.9056312144209792,25,3,0,3
1.178805522436225,2376,1,30,1,0.8620640166072234,0,-1.0952284994191106,-0.20374543196723224,1.706925316905568,338,3,1,1
-0.8202929232281471,1360,1,31,2,-0.9386771418706054,3,-1.224337354339482,-0.20374543196723224,1.0525608839582306,216,2,0,3
1.6486799704624744,363,1,33,2,1.8749809182510022,2,-0.29188451324791154,-0.20374543196723224,-0.05508204526436287,15,3,1,0
-0.29371304745048626,553,1,32,1,-1.3325892702876303,3,-0.03366680340716899,-0.20374543196723224,0.2758521691425422,164,1,0,0
-0.37194521733190583,2481,1,4,2,1.2559761450242486,2,-1.3391007809353674,-0.20374543196723224,0.5309209595436236,0,1,1,1
1.3019137282276456,2466,1,17,2,0.6369713717974949,2,-1.2673736393129391,-0.20374543196723224,-0.10434168949473356,287,3,1,1
-0.6944680838452396,556,1,8,1,1.2559761450242486,2,-0.9087379312007966,-0.20374543196723224,-0.9909920694286873,353,1,1,0
0.44156618613391524,331,1,14,2,0.8057908554047913,1,0.2245509064335736,-0.20374543196723224,0.17570774579150258,302,3,1,0
-0.8476311979779177,209,1,28,1,0.8620640166072234,1,-0.7796290762804253,-0.20374543196723224,0.15985623166311824,23,2,1,0
1.9530460960099225,1564,1,11,1,-0.6010381746560124,1,-0.10539394502959748,-0.20374543196723224,0.585559026387124,286,3,0,3
-0.7774801533369965,2197,1,12,2,-1.1074966254779017,3,-0.20581194330099736,-0.20374543196723224,-0.9366429154545735,271,2,0,1
-0.12036431410005292,89,1,6,2,-0.9386771418706054,3,-1.0521922144456535,-0.20374543196723224,-1.105270007166939,324,0,0,0
-0.3904802237345807,1858,1,25,0,-0.9949503030730374,3,-0.8083199329293967,-0.20374543196723224,-1.0537532311444875,64,1,0,3
-0.8199834333253194,1379,1,21,1,-0.8824039806681732,1,2.2329108718615713,-0.20374543196723224,0.23682829514185874,35,2,0,3
-0.48112637749608483,184,1,5,0,0.35560556578533414,0,-0.24884822827445446,-0.20374543196723224,2.4103456073271916,244,1,1,0
-0.6055757061997584,2445,1,7,0,-0.15085288503655522,0,1.630402882233172,-0.20374543196723224,0.06839467186881446,344,1,0,1
0.04074237420520023,1865,1,34,1,0.8057908554047913,1,-0.2631936565989402,-0.20374543196723224,1.041809197890353,24,0,1,3
0.7222735279985429,2401,1,25,0,0.8057908554047913,1,-1.123919356068082,-0.20374543196723224,-0.606761169357576,97,3,1,1
0.10872698952632831,2102,1,27,0,-0.20712604623898737,1,-0.1627756583275403,-0.20374543196723224,-0.6669685476743361,333,0,0,1
1.7177649943269893,559,1,2,1,1.2559761450242486,2,-0.793974504604911,-0.20374543196723224,-0.9313857330634185,129,3,1,0
-0.7713247430474255,1954,1,4,2,-0.8824039806681732,0,-0.6792110780090255,-0.20374543196723224,-0.9812309417701347,286,2,0,1
-0.05905092557320834,988,1,13,0,-1.1074966254779017,3,0.16716919313563078,-0.20374543196723224,-0.8250786950252007,30,0,0,2
0.025542981199667227,1040,1,16,2,-1.1074966254779017,3,-0.24884822827445446,-0.20374543196723224,-1.2087291897783485,236,0,0,2
0.18778446581528818,1174,1,27,1,1.087156661416952,2,-1.410827922557796,-0.20374543196723224,0.6441799635014502,9,0,1,2
-0.724557379953478,2184,1,9,1,-0.7698576582633089,0,-1.3821370659088246,-0.20374543196723224,-1.1006654583110942,355,1,0,1
1.0582076236344058,1449,1,32,0,-0.9386771418706054,3,-0.5644476514131398,-0.20374543196723224,-1.1350099756593952,9,3,0,3
-0.13092135856317194,362,1,5,0,-0.9949503030730374,3,0.0524057665397452,-0.20374543196723224,-0.9676081840627306,13,0,0,0
2.0717612645695405,1132,1,2,2,0.9183371778096556,0,0.5544957578967447,-0.20374543196723224,2.1742599401923073,182,3,1,2
-0.9811245093975534,203,1,2,1,1.7061614346437057,2,-0.793974504604911,-0.20374543196723224,0.5543332202806809,107,2,1,0
-0.8012764880877404,1180,1,35,0,1.3685224674291128,2,-0.2775390849234259,-0.20374543196723224,-0.03331297647194038,239,2,1,2
0.5160157016474419,1175,1,24,1,0.5806982105950628,2,0.3393143330294592,-0.20374543196723224,-0.8992158009730878,190,3,1,2
-0.802033018961319,938,1,9,0,-1.0512234642754696,1,0.23889633475805927,-0.20374543196723224,-0.18253647350998425,68,2,0,2
-0.7416137123759764,1940,1,5,2,0.1867860821780377,1,-0.13408480167856887,-0.20374543196723224,-0.7888433461299338,83,2,1,1
0.496861715439112,388,1,40,1,0.7495176942023591,0,-0.46402965314173994,-0.20374543196723224,2.2172821619389618,317,3,1,0
-0.43263962605309514,2459,1,42,1,1.087156661416952,0,-0.7222473629824825,-0.20374543196723224,2.1321483099000575,30,1,1,1
-0.8537178327335272,66,1,2,1,-1.2763161090851982,3,-0.7222473629824825,-0.20374543196723224,-0.4504386703860393,269,2,0,0
0.09717269982076475,79,1,17,1,0.8620640166072234,0,-0.19146651497651168,-0.20374543196723224,2.170034589477532,225,0,1,0
-0.5878316184376432,971,1,20,3,0.693244532999927,2,0.2675871914070307,-0.20374543196723224,0.25807628893770934,306,1,1,2
0.7223423035325046,751,1,16,3,-0.43221869104871596,1,-1.0665376427701392,-0.20374543196723224,1.2553235471044302,68,3,0,2
1.5205167629248697,1885,1,30,1,-0.20712604623898737,0,0.7696771827640301,-0.20374543196723224,2.256300876781264,148,3,0,1
-0.40031512509110195,979,1,28,2,-0.6573113358584446,1,-0.9230833595252823,-0.20374543196723224,1.2371220363330906,17,1,0,2
-0.246464255618807,2349,1,4,0,-0.9386771418706054,3,-1.2099919260149963,-0.20374543196723224,-0.9187664316612938,360,0,0,1
0.21574172037071415,2270,1,5,3,1.9312540794534343,2,0.540150329572259,-0.20374543196723224,0.5273482423641587,347,0,1,1
1.4569681695442702,2317,1,40,1,0.5244250493926306,2,-1.080883071094625,-0.20374543196723224,-0.5179436782339955,132,3,1,1
2.0717612645695405,371,1,40,0,0.6369713717974949,2,-0.22015737162548307,-0.20374543196723224,-0.9586389872157993,51,3,1,0
-0.01826703393392777,248,1,24,0,0.693244532999927,2,0.2245509064335736,-0.20374543196723224,0.5244616932494861,220,0,1,0
2.0717612645695405,2301,1,19,1,-1.2200429478827661,3,-0.6648656496845398,-0.20374543196723224,-1.2341354652300098,98,3,0,1
-0.682707467537791,676,1,23,2,-0.9386771418706054,3,0.4110414746518877,-0.20374543196723224,-1.1682246373220604,155,1,0,2
-0.675004607734082,323,1,25,1,-1.5014087538949268,3,-0.22015737162548307,-0.20374543196723224,0.26838170780555254,348,1,0,0
-0.8626930399155274,1223,1,8,1,0.6369713717974949,1,2.0751111602922285,-0.20374543196723224,0.1518982298590391,82,2,1,2
-0.1326063591452333,2237,1,35,2,-0.3196723686438517,0,1.5156394556372865,-0.20374543196723224,1.1486889025089617,228,0,0,1
2.0717612645695405,820,1,19,2,0.46815188819019843,1,1.3148034590944866,-0.20374543196723224,-0.7922122765533138,78,3,1,2
-0.03185020189136102,926,1,12,2,-1.2763161090851982,3,1.9460023053718574,-0.20374543196723224,-1.2696046791055646,116,0,0,2
0.7033258683920981,939,1,35,2,-1.0512234642754696,1,0.38235061800291625,-0.20374543196723224,0.8798116246987276,104,3,0,2
-0.930780818537598,319,1,23,0,-0.9949503030730374,3,-1.2530282109884534,-0.20374543196723224,-0.9476551390207366,46,2,0,0
0.48142160806471307,1816,1,17,0,-1.3888624314900626,3,0.8127134677374872,-0.20374543196723224,-1.105017208406226,168,3,0,3
-0.015103359371690089,870,1,3,0,1.3122493062266807,0,1.5012940273128008,-0.20374543196723224,0.17914890443222917,199,0,1,2
2.0717612645695405,1136,1,30,1,0.46815188819019843,2,0.6549137561681445,-0.20374543196723224,-0.509449123958199,61,3,1,2
-0.9335662276630463,1370,1,24,2,0.299332404582902,4,0.08109662318871659,-0.20374543196723224,0.0684333655566786,21,2,1,3
-0.5963597846488924,1474,1,3,2,-0.7698576582633089,0,-1.5686276341271388,-0.20374543196723224,0.449558452281887,215,1,0,3
-0.540754765440868,1776,1,32,1,-1.2200429478827661,3,-1.2673736393129391,-0.20374543196723224,-0.9129597989024665,97,1,0,3
-0.8444675234156802,512,1,40,2,-1.5014087538949268,3,-0.5214113664396828,-0.20374543196723224,-1.1295464269329643,21,2,0,0
-0.5980791729979346,2258,1,39,2,0.13051292097560552,0,0.109787479837688,-0.20374543196723224,2.0832652842315653,37,1,1,1
-0.4655831068207435,2100,1,7,2,-1.1637697866803338,3,-0.2631936565989402,-0.20374543196723224,-0.31188689246095336,271,1,0,1
-1.0119015608454085,702,1,3,2,1.03088350021452,2,-1.2530282109884534,-0.20374543196723224,-0.05619384389566195,298,2,1,2
-0.9427477614469316,848,1,41,0,1.087156661416952,0,-0.24884822827445446,-0.20374543196723224,0.6636222518636362,293,2,1,2
-0.5843928417395587,335,1,2,1,0.693244532999927,2,-1.1526102127170534,-0.20374543196723224,0.2557856226161462,248,1,1,0
-0.8602858962268684,1607,1,11,2,0.5806982105950628,0,-0.7365927913069682,-0.20374543196723224,-0.9148480508702416,0,2,1,3
-0.18215913136462908,21,1,37,1,0.693244532999927,0,-1.0235013577966823,-0.20374543196723224,2.2244766083025196,226,0,1,0
-0.22442169698408615,1590,1,28,1,0.8620640166072234,2,-0.33492079822136867,-0.20374543196723224,0.17574643947936672,345,0,1,3
-0.41857502935793,14,1,43,2,-0.3196723686438517,1,-1.224337354339482,-0.20374543196723224,-0.9446550884216625,106,1,0,0
1.6023596483392777,801,1,20,0,1.087156661416952,0,1.7882025938025148,-0.20374543196723224,-1.264587397579168,16,3,1,2
-0.9035113193217891,927,1,20,1,0.693244532999927,1,-1.1669556410415391,-0.20374543196723224,-0.5242223739847665,216,2,1,2
-0.9656844020231545,518,1,33,1,-1.1074966254779017,3,-0.9661196444987394,-0.20374543196723224,-0.8064799290584552,315,2,0,0
-0.29371304745048626,2213,1,25,0,0.693244532999927,1,-0.17712108665202597,-0.20374543196723224,-0.5131559792555933,1,1,1,1
-0.6714626677350551,566,1,40,2,0.07423975977317337,1,1.1426583192006583,-0.20374543196723224,-0.5306016733239844,330,1,1,0
0.04349339556366777,1959,1,14,1,-0.9949503030730374,1,-1.1095739277435963,-0.20374543196723224,0.8912597971481611,238,0,0,1
-0.13470401293106463,2377,1,13,2,0.8057908554047913,2,2.491128581702314,-0.20374543196723224,0.7329458630412117,214,0,1,1
1.5474767722378509,2227,1,43,1,-1.3325892702876303,3,-0.793974504604911,-0.20374543196723224,-0.8795310321669526,81,3,0,1
-0.7385188133477005,2436,1,34,1,-1.2200429478827661,3,0.5258049012477732,-0.20374543196723224,-1.2438578992006981,51,2,0,1
0.6197292068616669,70,1,36,2,-1.2200429478827661,3,0.9705131793068299,-0.20374543196723224,-1.020203224186999,227,3,0,0
0.08025391846618976,2485,1,12,1,-1.2200429478827661,3,0.1528237648111451,-0.20374543196723224,-0.26645018459156977,75,0,0,1
0.1259208730167502,1685,1,30,0,1.3122493062266807,0,-1.2099919260149963,-0.20374543196723224,1.42371847668961,134,0,1,3
-0.9851134903673312,2321,1,14,0,0.13051292097560552,1,1.1139674625516869,-0.20374543196723224,0.6944017907700449,229,2,1,1
1.5154273734117047,20,1,0,1,0.46815188819019843,0,-0.6361747930355683,-0.20374543196723224,-1.1544238886504807,74,3,1,0
0.4118895432294471,822,1,28,2,-0.6573113358584446,1,-0.6648656496845398,-0.20374543196723224,-1.0799256416158607,360,3,0,2
-0.7285463609232559,1943,1,33,2,-1.5014087538949268,3,-0.7365927913069682,-0.20374543196723224,-0.09680931825716098,36,1,0,1
-0.6802659360821512,2468,1,23,1,1.7061614346437057,2,-0.6648656496845398,-0.20374543196723224,0.1448224441382647,89,1,1,1
-0.9581534810543497,328,1,25,0,0.7495176942023591,2,-1.0235013577966823,-0.20374543196723224,0.23511545455906843,284,2,1,0
2.0717612645695405,1404,1,8,0,0.35560556578533414,0,-0.1627756583275403,-0.20374543196723224,0.2762468447587574,323,3,1,3
-0.28074885929870824,32,1,5,2,0.07423975977317337,1,-0.07670308838062609,-0.20374543196723224,-0.29735096371995323,113,0,1,0
-0.268919467457298,1922,1,22,1,0.9746103390120878,0,-0.24884822827445446,-0.20374543196723224,2.2598297411144825,116,0,1,1
0.15511608718348657,1088,1,2,0,-0.09457972383412307,1,-0.4353387964927685,-0.20374543196723224,-0.24502935898992545,276,0,0,2
1.3588254825809418,1250,1,4,2,-1.4451355926924947,3,-0.837010789578368,-0.20374543196723224,-1.038216425677399,349,3,0,3
-0.8471153814732051,1246,1,38,1,-0.7135844970608767,0,-0.980465072823225,-0.20374543196723224,1.2084964460511247,167,2,0,2
0.494007530779702,1769,1,7,1,1.8749809182510022,2,-1.3821370659088246,-0.20374543196723224,0.0035698468002547438,89,3,1,3
0.007764505670570942,134,1,8,1,-0.3196723686438517,1,-0.9661196444987394,-0.20374543196723224,-0.9616983681362655,219,0,0,0
-1.013724112495393,2440,1,39,0,1.1997029838218163,0,0.7266408977905731,-0.20374543196723224,1.679228375132344,263,2,1,1
-0.4240770720748651,2423,1,30,0,-0.7698576582633089,1,0.5975320428702018,-0.20374543196723224,1.0236334829109235,48,1,0,1
0.48826477369390103,280,1,35,1,-1.2763161090851982,3,-0.6648656496845398,-0.20374543196723224,-0.8474462261899234,289,3,0,0
0.7663242575010039,2205,1,42,2,1.4810687898339772,2,-1.1382647843925677,-0.20374543196723224,-0.24507837099455362,14,3,1,1
1.5196226809833673,465,1,6,2,0.299332404582902,0,0.0667511948642309,-0.20374543196723224,2.3842866983402202,316,3,1,0
-0.5007961802091275,994,1,22,2,1.087156661416952,2,-1.1669556410415391,-0.20374543196723224,-0.7617139117787184,316,1,1,2
-0.7599767799437471,1438,1,5,1,0.35560556578533414,1,0.4110414746518877,-0.20374543196723224,0.8389562494724705,204,2,1,3
0.5080721274748671,641,1,21,2,-0.9949503030730374,1,-1.4682096358557388,-0.20374543196723224,0.08130804529870751,35,3,0,2
-1.0023417616247339,477,1,16,2,0.4118787269877663,0,2.247256300186057,-0.20374543196723224,1.5875991426906284,171,2,1,0
-0.6848051213236226,862,1,25,2,0.1867860821780377,0,0.109787479837688,-0.20374543196723224,1.8980308616878672,286,1,1,2
-0.1369392177848196,808,1,36,1,-1.0512234642754696,1,-0.6935565063335111,-0.20374543196723224,-0.6650570794938426,107,0,0,2
1.5064865539966852,2327,1,4,1,0.1867860821780377,1,2.448092296728857,-0.20374543196723224,0.29217058710448823,146,3,1,1
2.0717612645695405,419,1,8,0,-0.4884918522511481,0,-0.17712108665202597,-0.20374543196723224,1.6655230708908295,130,3,0,0
-0.730712790243049,1069,1,22,1,-0.3196723686438517,0,0.32496890470497347,-0.20374543196723224,2.1866212836753367,77,1,0,2
2.0717612645695405,1441,1,2,0,-1.1637697866803338,3,-0.3492662265458544,-0.20374543196723224,-1.01830465390246,50,3,0,3
-0.3242149967624947,2457,1,41,0,0.1867860821780377,1,-0.7222473629824825,-0.20374543196723224,0.6030279366682337,125,1,1,1
-0.48755688992150265,1586,1,23,1,-1.1074966254779017,3,-0.9517742161742537,-0.20374543196723224,-0.9518882284730847,103,1,0,3
0.6353412530709698,1698,1,1,1,0.7495176942023591,2,2.2616017285105428,-0.20374543196723224,0.2665063537337322,330,3,1,3
-0.4258996237248498,1584,1,24,2,-1.3888624314900626,3,1.3291488874189723,-0.20374543196723224,-1.210604543850169,111,1,0,3
-0.07284042013252685,1887,1,30,1,0.46815188819019843,2,1.7021300238556005,-0.20374543196723224,0.3105346113648575,229,0,1,1
-0.30801835851451737,2474,1,8,2,0.8620640166072234,1,0.1958600497846022,-0.20374543196723224,0.7696274791365127,0,1,1,1
-0.5500394625256958,1572,1,6,1,-0.7698576582633089,1,-1.511245920829196,-0.20374543196723224,0.2888429299481635,100,1,0,3
1.125263769247051,315,1,15,1,-1.0512234642754696,1,0.1815146214601165,-0.20374543196723224,-0.034365444781847734,318,3,0,0
-0.29371304745048626,1466,1,6,2,-0.8261308194657411,1,-1.3104099242863962,-0.20374543196723224,0.9369312467239214,131,1,0,3
-0.985629306872044,370,1,2,0,0.8057908554047913,0,-0.8800470745518252,-0.20374543196723224,0.527688746817364,276,2,1,0
-0.9300930631979811,2356,1,41,0,-0.7135844970608767,0,-1.2386827826639677,-0.20374543196723224,0.6098973560537319,185,2,0,1
0.07815626468035823,1052,1,41,1,-0.8824039806681732,1,-0.7222473629824825,-0.20374543196723224,-0.7076046586693627,261,0,0,2
-0.39323124509304824,562,1,18,1,0.35560556578533414,2,0.253241763082545,-0.20374543196723224,-0.5309060636685164,257,1,1,0
1.4437632670236262,661,1,1,0,-0.038306562631690924,0,1.7451663088290577,-0.20374543196723224,0.48444468126028734,222,3,0,2
-0.2538232377527075,569,1,14,0,1.1434298226193842,0,0.43973233130085904,-0.20374543196723224,0.5832451438528422,357,0,1,0
-0.7462216731514096,149,1,37,0,1.3122493062266807,2,0.6836046128171159,-0.20374543196723224,-0.02556134100313723,141,2,1,0
0.461854968652613,1297,1,0,1,0.017966598570741225,2,-1.3534462092598532,-0.20374543196723224,0.42584180120029785,29,3,1,3
1.0160482213158912,1927,1,40,0,0.4118787269877663,0,0.29627804805600205,-0.20374543196723224,1.2143753070272982,57,3,1,1
-0.33212418316808884,1307,1,35,1,0.4118787269877663,2,-0.1627756583275403,-0.20374543196723224,-0.18558553611368644,353,1,1,3
0.0025031773225019384,585,1,18,1,1.5936151122388413,2,-0.5644476514131398,-0.20374543196723224,0.42788482791952986,86,0,1,0
0.16880241844186247,2174,1,29,0,0.35560556578533414,2,0.36800518967843054,-0.20374543196723224,-0.929876679236713,183,0,1,1
0.16199364057965535,2340,1,26,2,1.03088350021452,2,-0.32057536989688296,-0.20374543196723224,0.3551510130515192,337,0,1,1
-0.9637242993052464,31,1,4,2,-1.1074966254779017,3,0.2245509064335736,-0.20374543196723224,-1.1024789024823318,65,2,0,0
-0.46310718759812275,2314,1,25,1,-0.20712604623898737,1,0.45407775962534475,-0.20374543196723224,0.8944043041819286,106,1,0,1
-0.8963242760227925,2260,1,15,2,-1.2763161090851982,3,1.6447483105576577,-0.20374543196723224,-0.9070757787679109,108,2,0,1
0.19992334755952612,2380,1,4,0,1.6498882734412736,2,1.0278948926047726,-0.20374543196723224,-0.31905554303260186,165,0,1,1
-0.8884494773841795,679,1,10,0,-0.26339920744141954,0,-0.03366680340716899,-0.20374543196723224,1.0370627721790062,64,2,0,2
-0.8364895614761244,611,1,36,1,0.24305924338046983,1,-0.9230833595252823,-0.20374543196723224,-0.7434117974189322,133,2,1,0
0.6940067835402893,1998,1,30,2,0.017966598570741225,2,0.2675871914070307,-0.20374543196723224,-0.6423000318712865,287,3,1,1
-0.9747971602730781,1024,1,35,0,-1.2200429478827661,3,-0.8083199329293967,-0.20374543196723224,-1.2630654458565078,174,2,0,2
-0.36836888956589814,1784,1,5,0,-1.3325892702876303,3,-0.8513562179028538,-0.20374543196723224,0.8635628553749372,277,1,0,3
-0.1425444238026971,1701,1,3,0,1.9875272406558664,2,-1.324755352610882,-0.20374543196723224,0.3047047623933116,66,0,1,3
-0.22786047368217052,326,1,22,1,0.35560556578533414,1,-0.9087379312007966,-0.20374543196723224,1.1383602674284004,265,0,1,0
-0.20299811815502042,1077,1,40,0,0.9183371778096556,0,0.46842318794983046,-0.20374543196723224,1.7246341280514363,243,0,1,2
0.7427342493521449,681,1,14,0,0.4118787269877663,0,-1.3391007809353674,-0.20374543196723224,0.003084885912356219,43,3,1,2
-0.5000052615685681,634,1,3,0,0.5244250493926306,1,-0.9517742161742537,-0.20374543196723224,0.8375065259671567,138,1,1,2
-0.7282024832534474,156,1,32,0,-1.1074966254779017,3,0.540150329572259,-0.20374543196723224,-0.9828199625517595,155,1,0,0
0.507900188639963,96,1,38,2,0.693244532999927,2,-0.837010789578368,-0.20374543196723224,0.24597290337377448,258,3,1,0
-0.29371304745048626,743,1,16,0,1.2559761450242486,2,-0.8800470745518252,-0.20374543196723224,0.639547039274505,245,1,1,2
2.0030115214330886,2093,1,22,2,-1.1637697866803338,3,0.253241763082545,-0.20374543196723224,-1.285546478505632,99,3,0,1
-0.8280301707988369,1787,1,18,1,-1.1637697866803338,3,-0.46402965314173994,-0.20374543196723224,0.4998292915551099,340,2,0,3
-0.8317096618657871,272,1,8,0,-0.20712604623898737,1,2.2329108718615713,-0.20374543196723224,0.7268915906800535,62,2,0,0
2.0717612645695405,1923,1,2,2,-1.3888624314900626,3,0.2819326197315164,-0.20374543196723224,-0.830526766276486,258,3,0,1
0.33345104674614245,2299,1,5,2,-1.0512234642754696,3,-0.42099336816828287,-0.20374543196723224,-0.8616674462696278,29,0,0,1
-0.8178513917725071,2485,1,24,2,-0.8261308194657411,1,-1.3391007809353674,-0.20374543196723224,-0.1376002040036449,135,2,0,1
0.7523972118737623,15,1,8,0,-0.9949503030730374,1,-0.9087379312007966,-0.20374543196723224,1.0731743012731074,31,3,0,0
0.12165678991112554,1934,1,9,0,0.8057908554047913,0,-0.20581194330099736,-0.20374543196723224,1.1969399312756708,53,0,1,1
-0.40863696470046623,1801,1,25,2,-1.4451355926924947,3,0.7696771827640301,-0.20374543196723224,-1.2862197486744702,305,1,0,3
-0.7843577067331653,1725,1,34,3,0.24305924338046983,1,0.31062347638048776,-0.20374543196723224,-0.10083346179504223,4,2,1,3
2.0717612645695405,2339,1,32,2,-1.3888624314900626,3,-0.5070659381151971,-0.20374543196723224,-1.0156889606028374,138,3,0,1
-0.1951233195164072,406,1,1,2,-0.6573113358584446,1,-1.2673736393129391,-0.20374543196723224,0.6960553010314435,198,0,0,0
-0.4416492210020762,1183,1,31,0,1.087156661416952,2,1.730820880504572,-0.20374543196723224,0.6122912055429331,286,1,1,2
0.6120951225919194,1862,1,4,2,0.07423975977317337,1,2.3620197267819427,-0.20374543196723224,0.873220799865852,1,3,1,3
0.5327625441671129,425,1,6,2,-0.8824039806681732,1,-0.23450279994996878,-0.20374543196723224,1.0022358735219976,267,3,0,0
-0.18198719252972492,2402,1,29,1,-0.3196723686438517,1,-1.0952284994191106,-0.20374543196723224,-0.13739383766836888,150,0,0,1
-1.0007255365766343,1588,1,15,1,-0.3759455298462838,4,0.6405683278436588,-0.20374543196723224,0.1935687521096365,178,2,0,3
0.4756100754449505,1326,1,37,2,0.5806982105950628,1,-0.5931385080621112,-0.20374543196723224,-0.7754192160202329,291,3,1,3
-0.5811260038763786,760,1,24,0,-1.3888624314900626,3,0.7266408977905731,-0.20374543196723224,-1.048016247023816,243,1,0,2
-0.9409595975639279,2143,1,23,2,0.13051292097560552,0,-0.37795708319482574,-0.20374543196723224,1.3999734502369205,178,2,1,1
0.8565921458257187,8,1,24,1,-0.9949503030730374,1,-1.123919356068082,-0.20374543196723224,-0.06433241624310751,201,3,0,0
-0.9475964365912307,2286,1,26,2,0.5806982105950628,1,-1.1813010693660249,-0.20374543196723224,1.1520449350363868,55,2,1,1
0.4358922045820759,1463,1,18,1,0.299332404582902,0,-0.5501022230886541,-0.20374543196723224,0.08873723336864174,60,3,1,3
-0.5318827215598103,1048,1,37,2,-1.5014087538949268,4,-0.14843023000305458,-0.20374543196723224,-0.9193004045538202,332,1,0,2
2.0717612645695405,2088,1,27,0,0.7495176942023591,1,-0.10539394502959748,-0.20374543196723224,0.5578620846138997,302,3,1,1
-0.6279965302712686,351,1,1,0,-1.4451355926924947,3,-0.9661196444987394,-0.20374543196723224,-0.9020791338750418,135,1,0,0
-0.0714992972202738,2370,1,42,2,1.5373419510364092,2,-0.7509382196314539,-0.20374543196723224,0.2687015756252302,53,0,1,1
1.0106837296668796,1791,1,42,1,-0.9949503030730374,3,-1.3821370659088246,-0.20374543196723224,-1.098178743971019,172,3,0,3
-0.49639454603557953,1987,1,38,0,-0.15085288503655522,0,0.8127134677374872,-0.20374543196723224,1.040186642579246,354,1,0,1
0.34043176344325365,393,1,12,1,-0.09457972383412307,0,-0.019321375082683293,-0.20374543196723224,0.3396245259011943,114,0,0,0
1.0948649832359851,229,1,4,2,-1.0512234642754696,3,0.29627804805600205,-0.20374543196723224,-1.262650133606765,14,3,0,0
-0.30588631696170504,412,1,19,2,-1.4451355926924947,3,-1.2817190676374248,-0.20374543196723224,-1.2589329599926067,39,1,0,0
-0.2622138528960334,1030,1,39,0,0.693244532999927,2,0.46842318794983046,-0.20374543196723224,-0.8554687174737762,56,0,1,2
-0.052620413147790535,1522,1,30,0,-0.6010381746560124,1,0.32496890470497347,-0.20374543196723224,-0.17332737579829477,289,0,0,3
-0.8213933317715341,2250,1,34,1,0.7495176942023591,1,-0.32057536989688296,-0.20374543196723224,-0.37877022172389074,40,2,1,1
-0.9157189765999885,2290,1,39,1,-0.7135844970608767,0,-0.5931385080621112,-0.20374543196723224,1.643823650736563,75,2,0,1
2.0717612645695405,1706,1,2,1,1.1434298226193842,2,0.87009518103543,-0.20374543196723224,0.6340009440139637,321,3,1,3
0.5375424437774501,1012,1,38,1,0.1867860821780377,0,-0.32057536989688296,-0.20374543196723224,-0.09680931825716098,109,3,1,2
0.43912465467827544,386,1,28,2,-1.2763161090851982,3,-0.04801223173165469,-0.20374543196723224,0.09857832798211402,140,3,0,0
-0.2351162925151285,34,1,29,0,1.2559761450242486,0,-0.04801223173165469,-0.20374543196723224,1.1579805467547617,193,0,1,0
-0.7895502595472726,1214,1,39,2,1.03088350021452,0,-1.0235013577966823,-0.20374543196723224,2.3992766330188275,152,2,1,2
-0.040859796840342105,2385,1,1,2,0.46815188819019843,0,-0.062357660056140386,-0.20374543196723224,1.1941385082743001,28,0,1,1
-0.6123844840619656,294,1,29,2,-0.6573113358584446,0,2.5341648666757712,-0.20374543196723224,-1.1247122955291249,217,1,0,0
-0.25942844377058505,1961,1,21,0,-0.9949503030730374,3,2.247256300186057,-0.20374543196723224,-1.0122194265910103,208,0,0,1
-0.15289514166393106,599,1,39,0,-1.0512234642754696,3,0.7553317544395445,-0.20374543196723224,-0.9092503640258813,343,0,0,0
-0.8181608816753347,875,1,25,2,1.4810687898339772,2,-0.062357660056140386,-0.20374543196723224,-0.8563173990275985,11,2,1,2
-0.3510718427745337,2485,1,22,2,-0.7135844970608767,0,0.6549137561681445,-0.20374543196723224,2.4208780291638385,330,1,0,1
0.4702799715629197,1969,1,30,1,-0.3759455298462838,0,1.6017120255842006,-0.20374543196723224,0.3247480927069888,165,3,0,1
-0.40753655615707923,1931,1,28,0,0.8057908554047913,2,-0.8657016462273395,-0.20374543196723224,-1.0246787940832962,148,1,1,1
-0.3064709090003793,1686,1,37,2,-0.6010381746560124,1,-0.30622994157239725,-0.20374543196723224,0.008873461616846916,186,1,0,3
-0.2055428129116029,266,1,40,2,0.24305924338046983,0,-0.062357660056140386,-0.20374543196723224,2.29892068417413,110,0,1,0
2.0717612645695405,2432,1,27,2,-0.9386771418706054,3,-0.07670308838062609,-0.20374543196723224,0.2159233853784044,309,3,0,1
0.17488905319747175,2360,1,6,2,-1.1074966254779017,3,2.189874586888114,-0.20374543196723224,-0.9568590775740443,136,0,0,1
0.75965303070672,646,1,29,0,-0.7698576582633089,0,-1.3677916375843389,-0.20374543196723224,1.5984127386590885,103,3,0,2
-0.8958772350520416,2244,1,40,1,0.4118787269877663,0,-0.6218293647110826,-0.20374543196723224,-1.268209126763261,226,2,1,1
-0.8605266105957342,1147,1,37,0,-0.15085288503655522,1,-1.224337354339482,-0.20374543196723224,-0.16542354515722557,59,2,0,2
-0.30708988880603455,1838,1,24,0,0.46815188819019843,0,-1.5399367774781674,-0.20374543196723224,-0.8823453530642785,38,1,1,3
-0.3338091837501502,639,1,16,0,-0.09457972383412307,1,2.3763651551064284,-0.20374543196723224,0.6358788776649748,155,1,0,2
0.03823206721559857,1248,1,26,2,0.9746103390120878,2,-0.42099336816828287,-0.20374543196723224,-0.6376335731148589,310,0,1,3
0.36746054829019686,1047,1,19,1,-0.7698576582633089,1,0.6836046128171159,-0.20374543196723224,-0.465712358775651,95,0,0,2
-0.9515510297940277,725,1,22,0,-0.9949503030730374,3,0.3536597613539449,-0.20374543196723224,-1.2031650374634706,218,2,0,2
-0.20702148689177918,1623,1,34,0,1.9312540794534343,2,-0.10539394502959748,-0.20374543196723224,-0.4180546332228599,8,0,1,3
-1.0194324818142133,1413,1,4,0,-0.3196723686438517,1,0.23889633475805927,-0.20374543196723224,0.5286019178509601,214,2,0,3
-0.9714271591089555,1717,1,31,0,-1.2200429478827661,3,-0.5501022230886541,-0.20374543196723224,-0.9059201272903654,60,2,0,3
-0.22153312455769525,860,1,1,1,-0.6573113358584446,1,0.48276861627431616,-0.20374543196723224,-0.23813414381251768,119,0,0,2
0.07138187458513193,384,1,24,2,-0.038306562631690924,1,-0.22015737162548307,-0.20374543196723224,0.2910484701564253,16,0,0,0
-0.7637594343116398,878,1,16,0,-0.09457972383412307,1,2.347674298457457,-0.20374543196723224,-0.4282233343935827,277,2,0,2
-0.796978017215135,2006,1,2,2,-0.8824039806681732,0,-0.7509382196314539,-0.20374543196723224,1.3222378313176588,183,2,0,1
-1.0189854408434624,1361,1,18,1,-0.6010381746560124,1,0.7553317544395445,-0.20374543196723224,0.9185440062508335,226,2,0,3
0.23162886871586397,213,1,13,0,1.03088350021452,0,-0.837010789578368,-0.20374543196723224,0.7967285381166278,240,0,1,0
0.14909822796183891,233,1,23,1,-1.1637697866803338,4,-1.2530282109884534,-0.20374543196723224,-1.021425944723509,324,0,0,0
-0.9661658307608862,440,1,28,1,1.3685224674291128,0,-1.554282205802653,-0.20374543196723224,0.8449279752995184,342,2,1,0
-0.25485487076213287,1185,1,11,2,-0.3196723686438517,0,-0.44968422481725423,-0.20374543196723224,2.4137067990129983,266,0,0,2
1.1742319494277726,481,1,31,1,0.1867860821780377,1,-0.793974504604911,-0.20374543196723224,0.15126107379887452,325,3,1,0
-0.19106556301266764,1785,1,29,0,-0.7698576582633089,1,-0.1627756583275403,-0.20374543196723224,-1.0030799775174766,173,0,0,3
-0.4319518707134783,1818,1,27,2,0.35560556578533414,2,-1.1095739277435963,-0.20374543196723224,0.2623687087114493,278,1,1,3
2.0717612645695405,724,1,33,1,-0.8824039806681732,1,-0.019321375082683293,-0.20374543196723224,-0.5798252034456818,4,3,0,2
-0.8910629476747236,1796,1,38,2,-0.9949503030730374,3,-0.14843023000305458,-0.20374543196723224,-1.2117885706988147,278,2,0,3
-0.9319156148479659,1831,1,22,2,1.3122493062266807,2,-1.4538642075312531,-0.20374543196723224,-0.20065543774721314,17,2,1,3
1.6954129457894407,1245,1,17,0,-0.26339920744141954,0,-0.36361165487034003,-0.20374543196723224,2.28000978912528,69,3,0,2
0.0415332928457597,2261,1,20,3,-1.3888624314900626,3,-1.2386827826639677,-0.20374543196723224,-1.2320614835604864,112,0,0,1
2.0717612645695405,1771,1,24,0,-0.9949503030730374,3,-1.4251733508822817,-0.20374543196723224,-1.0112907780822686,55,3,0,3
1.7544567416955497,468,1,39,2,-1.1074966254779017,3,-1.554282205802653,-0.20374543196723224,-1.2916471832922278,150,3,0,0
0.23396723687056137,2485,1,5,2,-1.1074966254779017,3,-0.9517742161742537,-0.20374543196723224,-1.0225893349386272,56,0,0,1
0.6672874885961737,998,1,18,0,-1.0512234642754696,1,-0.07670308838062609,-0.20374543196723224,0.9273248938168257,198,3,0,2
2.0717612645695405,176,1,11,1,0.9183371778096556,0,0.08109662318871659,-0.20374543196723224,0.2873287169630762,143,3,1,0
0.049889520222104564,921,1,1,1,0.24305924338046983,0,1.1283128908761726,-0.20374543196723224,-1.2829385239435824,170,0,1,2
-0.7281337077194857,668,1,36,0,0.35560556578533414,2,-1.0235013577966823,-0.20374543196723224,-0.132030892530385,36,1,1,2
0.037750638477866805,689,1,11,1,1.087156661416952,0,-0.8083199329293967,-0.20374543196723224,-1.0441675148709193,220,0,1,2
0.1268837304922139,1233,1,13,2,-0.4884918522511481,1,-0.7365927913069682,-0.20374543196723224,1.065025410608898,141,0,0,2
1.007967096075393,1975,1,17,1,0.6369713717974949,1,1.343494315743458,-0.20374543196723224,1.107988302034161,339,3,1,1
0.25896714346563476,454,1,15,1,1.1997029838218163,0,-0.8083199329293967,-0.20374543196723224,2.1207594677720154,351,0,1,0
0.708827911109033,1736,1,14,2,-1.0512234642754696,3,0.31062347638048776,-0.20374543196723224,-1.229984922311772,137,3,0,3
-0.6635534813294611,1810,1,28,0,-0.4884918522511481,0,-1.224337354339482,-0.20374543196723224,0.49920761297009114,330,1,0,3
-0.781778624209602,237,1,19,0,-0.8261308194657411,1,0.6118774711946875,-0.20374543196723224,1.076316228727684,128,2,0,0
-0.640891942889085,1768,1,36,0,0.6369713717974949,0,-0.8226653612538825,-0.20374543196723224,0.9105808452883728,130,1,1,3
-0.07263409353064178,1490,1,1,1,-0.9386771418706054,1,-1.511245920829196,-0.20374543196723224,-0.039166041656204804,360,0,0,3
0.13493046796573127,2106,1,7,2,1.03088350021452,0,0.0237149098907738,-0.20374543196723224,-0.09680931825716098,148,0,1,1
-0.15464891777995407,622,1,23,0,0.9746103390120878,0,-0.24884822827445446,-0.20374543196723224,1.7250313832468425,232,0,1,0
0.1282592411714476,1476,1,27,1,0.8057908554047913,1,1.157003747525144,-0.20374543196723224,0.5668338610400219,245,0,1,3
-0.8402034403100556,1660,1,33,2,-0.9949503030730374,3,-0.46402965314173994,-0.20374543196723224,-0.5034438636016686,188,2,0,3
2.0717612645695405,1636,1,36,0,-1.1074966254779017,3,-1.1526102127170534,-0.20374543196723224,-0.8171077953251669,277,3,0,3
-0.5343930285494118,1322,1,10,2,0.07423975977317337,1,-0.6074839363865969,-0.20374543196723224,-1.054952735468279,317,1,1,3
-0.29254386337313765,2125,1,6,2,0.299332404582902,0,1.2287308891475726,-0.20374543196723224,1.8478503076863277,45,0,1,1
-0.8093920010952195,186,1,38,1,-0.20712604623898737,1,-1.4251733508822817,-0.20374543196723224,0.7180178382631872,124,2,0,0
0.039401251292947366,705,1,19,0,0.8620640166072234,2,-1.3821370659088246,-0.20374543196723224,-0.2473226048906796,311,0,1,2
-0.6374187784240198,2454,1,6,1,-1.3325892702876303,3,0.8844406093599158,-0.20374543196723224,-1.0074007726623169,260,1,0,1
1.3023263814314157,519,1,5,0,0.9183371778096556,2,0.5688411862212304,-0.20374543196723224,-0.8296961417770002,263,3,1,0
-0.9183324468905325,1311,1,35,0,-1.0512234642754696,3,-1.1669556410415391,-0.20374543196723224,-1.0446731123923454,360,2,0,3
0.017049202755398916,2485,1,40,2,1.2559761450242486,0,0.6262228995191731,-0.20374543196723224,-1.0624412538596053,47,0,1,1
-0.007434887334961865,1822,1,29,1,0.8620640166072234,2,-0.650520221360054,-0.20374543196723224,0.5845813658737541,70,0,1,3
-0.65454388638048,713,1,31,0,0.4118787269877663,1,0.6405683278436588,-0.20374543196723224,1.107598785576328,252,1,1,2
0.29142919549555124,2175,1,39,2,-0.4884918522511481,0,-0.5787930797376255,-0.20374543196723224,0.17786685357432724,283,0,0,1
2.0717612645695405,523,1,15,2,-1.1074966254779017,3,-0.6935565063335111,-0.20374543196723224,-0.9313496189547451,220,3,0,0
-1.0010694142464427,2302,1,14,1,-0.26339920744141954,1,-1.2386827826639677,-0.20374543196723224,0.08389794280642075,319,2,0,1
-0.3015190705551378,2094,1,41,0,0.1867860821780377,0,1.2000400324986011,-0.20374543196723224,1.029615527054735,8,1,1,1
0.7738551784698084,2151,1,41,0,0.13051292097560552,1,-1.224337354339482,-0.20374543196723224,-0.0924627273204113,64,3,1,1
1.002705767727324,48,1,5,2,-0.6573113358584446,1,0.21020547810908788,-0.20374543196723224,0.8578619853629388,239,3,0,0
-0.5161675120495647,2042,1,0,2,-1.3888624314900626,3,2.2042200152126,-0.20374543196723224,-0.9130810391244412,282,1,0,1
-0.413520027611746,517,1,36,2,1.5936151122388413,2,-0.36361165487034003,-0.20374543196723224,0.5217660329949441,138,1,1,0
-0.8233534344894421,1982,1,1,2,-0.9949503030730374,3,-0.5501022230886541,-0.20374543196723224,-1.0340916785510708,239,2,0,1
-0.006884683063268474,1889,1,30,2,1.8187077570485701,2,-0.2631936565989402,-0.20374543196723224,-0.7318862375937699,219,0,1,1
2.0101297891981234,1614,1,12,2,-0.7698576582633089,1,-0.8657016462273395,-0.20374543196723224,-0.7278208207888337,29,3,0,3
-0.46142218701606136,359,1,16,1,1.087156661416952,2,-1.4395187792067674,-0.20374543196723224,0.5147366796996068,143,1,1,0
-0.8274455787601624,2462,1,26,1,-0.7698576582633089,0,-0.6074839363865969,-0.20374543196723224,2.1040386354562814,160,2,0,1
0.7832774266225596,1743,1,12,0,-0.3196723686438517,0,0.7983680394130015,-0.20374543196723224,0.8211700509508738,37,3,0,3
0.8205881537967752,861,1,36,1,-1.2200429478827661,3,-0.13408480167856887,-0.20374543196723224,-1.149863192640882,147,3,0,2
-0.8250728228384843,1495,1,33,0,0.017966598570741225,1,0.9418223226578585,-0.20374543196723224,0.739921045173539,210,2,1,3
-0.5530655860200101,124,1,15,1,1.4810687898339772,2,1.9890385903453145,-0.20374543196723224,-0.1029745125235303,219,1,1,0
-0.8585665078778262,1209,1,42,1,-0.15085288503655522,0,0.8414043243864586,-0.20374543196723224,0.30920612808151837,197,2,0,2
-0.5939526409602333,2010,1,0,1,0.9183371778096556,0,1.443912314014858,-0.20374543196723224,0.4901558695890495,345,1,1,1
1.7404265327673654,1596,1,6,0,-1.4451355926924947,3,0.7983680394130015,-0.20374543196723224,-0.8088969947603748,293,3,0,3
-0.356298783355622,649,1,5,0,1.087156661416952,2,-0.14843023000305458,-0.20374543196723224,-0.7235309805942847,50,1,1,2
0.8416334671890516,1187,1,16,1,0.1867860821780377,1,0.5975320428702018,-0.20374543196723224,0.2522412808077817,133,3,1,2
-0.9511727643572383,10,1,35,0,1.8187077570485701,2,-0.47837508146622565,-0.20374543196723224,-0.31987584921532386,136,2,1,0
-0.8968057047605243,1513,1,26,1,-0.26339920744141954,0,0.1958600497846022,-0.20374543196723224,1.5575341472201127,36,2,0,3
-0.08092154537302503,2355,1,14,1,0.35560556578533414,2,0.7696771827640301,-0.20374543196723224,-0.7499329736136523,222,0,1,1
1.26092350998648,2357,1,0,0,1.2559761450242486,2,0.39669604632740196,-0.20374543196723224,0.20324217407569695,316,3,1,1
0.16192486504569373,279,1,5,1,0.693244532999927,1,-0.7079019346579968,-0.20374543196723224,-0.4722567511830897,205,0,1,0
-0.7819505630445062,76,1,11,1,1.3685224674291128,0,2.304638013484,-0.20374543196723224,1.7960858920615452,288,2,1,0
-0.7611459640210957,1482,1,14,0,1.8187077570485701,2,2.1038020169412,-0.20374543196723224,-0.9460712773974937,295,2,1,3
0.4053214797361058,626,1,23,1,-0.7135844970608767,0,-0.650520221360054,-0.20374543196723224,0.5530150553141058,174,3,0,2
-0.7220814607308571,144,1,13,1,-0.6573113358584446,0,0.6692591844926302,-0.20374543196723224,0.9508248602463752,85,1,0,0
2.0717612645695405,461,1,29,0,-0.6010381746560124,1,-1.1956464976905106,-0.20374543196723224,-0.6379508613553457,298,3,0,0
-0.9720461389146104,2433,1,21,1,0.017966598570741225,1,-0.6648656496845398,-0.20374543196723224,0.47459326833005144,113,2,1,1
-0.8027551620679167,2449,1,21,1,-1.2200429478827661,3,0.0667511948642309,-0.20374543196723224,-1.1136226845872332,338,2,0,1
1.064294258390015,1145,1,21,1,-0.8824039806681732,0,-1.1095739277435963,-0.20374543196723224,1.176127886363091,190,3,0,2
-1.005161558517163,1484,1,3,1,-0.9949503030730374,3,0.1815146214601165,-0.20374543196723224,-0.9615771279142908,241,2,0,3
-0.026692036844234455,1580,1,24,2,1.1997029838218163,2,-0.33492079822136867,-0.20374543196723224,-0.22781324746952888,109,0,1,3
0.14414638951659742,1999,1,41,1,-1.5014087538949268,3,0.7122954694660873,-0.20374543196723224,-1.024482746064784,9,0,0,1
-0.684461243653814,975,1,34,1,1.3685224674291128,0,0.5258049012477732,-0.20374543196723224,0.71604188060292,124,1,1,2
2.0717612645695405,1935,1,0,0,-1.3888624314900626,3,-0.10539394502959748,-0.20374543196723224,1.1137742981594607,87,3,0,1
-0.9255882657234906,483,1,13,0,0.5244250493926306,2,-1.3391007809353674,-0.20374543196723224,-0.3688182052052078,173,2,1,0
-0.043335716062962756,946,1,22,0,0.35560556578533414,2,0.9992040359558013,-0.20374543196723224,-0.42043042565772437,102,0,1,2
-0.75846371819659,73,1,20,1,-1.2763161090851982,3,-0.7222473629824825,-0.20374543196723224,-1.1464865234799293,260,2,0,0
-0.29371304745048626,2183,1,10,1,1.3685224674291128,0,2.4767831533778284,-0.20374543196723224,-1.1570215248957667,123,1,1,1
0.9894664774396991,1570,1,10,0,1.6498882734412736,2,-0.6218293647110826,-0.20374543196723224,-0.47847095745408696,146,3,1,3
0.4656376230205059,902,1,19,1,-1.5014087538949268,3,0.6118774711946875,-0.20374543196723224,-1.1429009084045096,127,3,0,2
-0.5578454856303473,1870,1,38,2,0.8057908554047913,0,0.6549137561681445,-0.20374543196723224,2.5132888741004114,122,1,1,3
-0.8084979191537176,265,1,34,0,-1.0512234642754696,3,-0.47837508146622565,-0.20374543196723224,0.15374262898056787,25,2,0,0
-0.9780639981362581,244,1,14,1,-1.1074966254779017,3,-1.3964824942333103,-0.20374543196723224,-0.8416008997432319,288,2,0,0
-0.28721375949110683,372,1,37,1,-1.1074966254779017,3,-0.8083199329293967,-0.20374543196723224,-1.1431691846403682,100,0,0,0
-0.900416420293513,1915,1,8,1,-0.7698576582633089,1,-0.6792110780090255,-0.20374543196723224,-0.5930532855368706,288,2,0,1
2.0717612645695405,71,1,24,1,1.2559761450242486,0,-0.10539394502959748,-0.20374543196723224,1.4244510771798398,94,3,1,0
0.1337956716553635,2081,1,40,2,-1.1637697866803338,3,0.32496890470497347,-0.20374543196723224,-1.0113114147157962,296,0,0,1
0.4373708785622522,199,1,36,0,-0.09457972383412307,0,-0.6361747930355683,-0.20374543196723224,0.842227155886594,138,3,0,0
0.22217223279613194,437,1,25,2,1.5373419510364092,2,-0.6935565063335111,-0.20374543196723224,-0.035206387598097307,353,0,1,0
-0.2611822198866081,2463,1,21,1,-0.15085288503655522,1,-1.2673736393129391,-0.20374543196723224,-0.2092738118241752,121,0,0,1
1.4463079617802086,13,1,43,2,-1.2763161090851982,3,0.2675871914070307,-0.20374543196723224,-1.1851931092401258,196,3,0,0
0.376023102268427,1407,1,15,0,-0.15085288503655522,0,-0.19146651497651168,-0.20374543196723224,1.3909423434894066,305,0,0,3
0.45067894438383876,851,1,31,0,0.13051292097560552,1,-1.2960644959619105,-0.20374543196723224,-0.4685395775689316,206,3,1,2
0.41213025759831295,460,1,3,2,-1.0512234642754696,3,-0.7509382196314539,-0.20374543196723224,1.1844134947244205,299,3,0,0
-0.9452236806695525,669,1,31,0,-0.9386771418706054,3,-1.2817190676374248,-0.20374543196723224,-1.0465691030976934,291,2,0,2
1.4476146969254806,2331,1,34,2,-0.15085288503655522,1,-0.10539394502959748,-0.20374543196723224,0.8424283630634882,259,3,0,1
0.3332447201442574,1731,1,36,0,0.5806982105950628,0,0.31062347638048776,-0.20374543196723224,1.2966200303723396,37,0,1,3
-0.05110735140063342,85,1,10,1,-1.1074966254779017,3,2.146838301914657,-0.20374543196723224,-1.2598332331302482,61,0,0,0
-0.19574229932206244,169,1,40,0,1.424795628631545,2,-0.9948105011477107,-0.20374543196723224,-0.9368441226314675,88,0,1,0
-0.202654240485212,1774,1,26,1,-1.0512234642754696,3,-1.4825550641802245,-0.20374543196723224,0.9861702543207642,186,0,0,3
0.5588628593055734,171,1,18,2,1.087156661416952,2,-0.14843023000305458,-0.20374543196723224,-1.058473861063925,284,3,1,0
-0.344847656951001,2418,1,28,1,-0.20712604623898737,1,-0.7796290762804253,-0.20374543196723224,0.6209456937285686,187,1,0,1
-0.9475276610572689,1684,1,41,0,-1.2200429478827661,3,-0.23450279994996878,-0.20374543196723224,-1.2356754740070064,216,2,0,3
-0.693058185399025,1944,1,10,2,-1.3888624314900626,3,-0.8513562179028538,-0.20374543196723224,-1.0685961298092106,314,1,0,1
0.1653980295107589,1594,1,15,1,0.7495176942023591,2,-1.3534462092598532,-0.20374543196723224,0.6031156423607258,297,0,1,3
-0.5747986547519033,1230,1,38,0,-1.2200429478827661,3,0.0667511948642309,-0.20374543196723224,-1.1580043445675186,28,1,0,2
-0.9636899115382657,1340,1,15,0,-1.3325892702876303,3,1.443912314014858,-0.20374543196723224,-1.135389173800465,126,2,0,3
-0.06792296945426617,2118,1,10,0,0.07423975977317337,0,1.544330312286258,-0.20374543196723224,0.8969142347347223,213,0,1,1
-0.9757600177485418,1086,1,5,1,0.35560556578533414,0,-1.1095739277435963,-0.20374543196723224,0.24945791486074725,319,2,1,2
-0.3361475519048475,192,1,22,0,-1.2763161090851982,3,0.9418223226578585,-0.20374543196723224,-1.1132873392924099,119,1,0,0
1.333309759481156,1394,1,13,1,-0.8824039806681732,0,-0.6218293647110826,-0.20374543196723224,0.2964526885614644,231,3,0,3
2.0717612645695405,1788,1,41,2,0.9183371778096556,0,-0.837010789578368,-0.20374543196723224,1.3792594293335962,68,3,1,3
-0.8626242643815656,1120,1,26,0,-1.0512234642754696,3,-1.3821370659088246,-0.20374543196723224,-1.1775369182013877,9,2,0,2
1.5988864838742125,1688,1,8,0,-1.4451355926924947,3,-1.324755352610882,-0.20374543196723224,-1.278986608623048,180,3,0,3
0.11900893185360062,983,1,24,0,-0.15085288503655522,1,0.038060338215259504,-0.20374543196723224,-1.1001521220520953,135,0,0,2
1.0523617032476622,548,1,3,1,0.8620640166072234,2,0.7696771827640301,-0.20374543196723224,0.5954413942676512,273,3,1,0
-0.80003852847643,1464,1,16,1,0.693244532999927,0,1.4726031706638294,-0.20374543196723224,-1.052548567662314,196,2,1,3
-0.8232158834215187,293,1,18,2,-0.9386771418706054,3,-0.47837508146622565,-0.20374543196723224,-1.0859721752394462,128,2,0,0
-0.6950870636508949,881,1,27,0,-0.9386771418706054,3,0.3536597613539449,-0.20374543196723224,-1.166651094015581,147,1,0,2
-0.48559678720359456,740,1,2,1,-1.4451355926924947,3,-0.793974504604911,-0.20374543196723224,-1.284530124304398,83,1,0,2
0.01588001867805012,1217,1,10,2,0.13051292097560552,0,-0.22015737162548307,-0.20374543196723224,1.4030792635828235,59,0,1,2
-0.5517932386417188,2028,1,26,2,1.6498882734412736,2,-0.7796290762804253,-0.20374543196723224,-0.18687790528835216,138,1,1,1
-1.0054366606530099,1062,1,30,0,-1.0512234642754696,3,-0.8083199329293967,-0.20374543196723224,-0.9492312619064068,324,2,0,2
0.45556200729511864,1065,1,39,2,-0.8824039806681732,1,-0.17712108665202597,-0.20374543196723224,-0.023144275301217626,133,3,0,2
-0.5441247666049907,26,1,2,1,0.8620640166072234,1,-0.37795708319482574,-0.20374543196723224,0.8165319675655468,162,1,1,0
-0.9069500960198734,1462,1,42,1,-1.3325892702876303,3,-1.3104099242863962,-0.20374543196723224,-1.0765928253011539,214,2,0,3
-0.7578447383909348,394,1,34,2,-0.8261308194657411,0,-0.5644476514131398,-0.20374543196723224,1.6702565987062217,275,2,0,0
-0.9334630643621039,469,1,28,0,-1.4451355926924947,3,-1.3534462092598532,-0.20374543196723224,-0.894355873777339,186,2,0,0
0.11739270680550107,459,1,18,0,-0.4884918522511481,1,-1.3104099242863962,-0.20374543196723224,0.3539050763022906,286,0,0,0
-0.49250872836674414,2097,1,10,2,-0.43221869104871596,0,-1.4825550641802245,-0.20374543196723224,0.13168980647714107,75,1,0,1
-0.2722206930874589,417,1,29,2,-0.9949503030730374,3,0.009369481566288104,-0.20374543196723224,-0.889516583215118,287,0,0,0
-0.5676803869868686,1919,1,10,1,0.46815188819019843,1,-0.8657016462273395,-0.20374543196723224,-0.554860036035673,40,1,1,1
2.0717612645695405,1907,1,33,2,0.8620640166072234,2,-0.5070659381151971,-0.20374543196723224,-0.4135816429057535,145,3,1,1
-0.7850110743058013,2011,1,26,2,1.2559761450242486,2,-1.0091559294721966,-0.20374543196723224,0.4060022576427057,267,2,1,1
2.0717612645695405,1035,1,7,0,1.3685224674291128,2,0.45407775962534475,-0.20374543196723224,-0.90033533834196,44,3,1,2
0.5978241992948693,407,1,40,1,0.693244532999927,0,0.109787479837688,-0.20374543196723224,1.8988847024000717,19,3,1,0
0.30459971024921456,1845,1,24,1,-0.3759455298462838,0,2.146838301914657,-0.20374543196723224,0.019276904493946027,348,0,0,3
-0.7635874954767357,1354,1,31,2,-1.0512234642754696,3,0.1815146214601165,-0.20374543196723224,-1.2752539575337438,236,2,0,3
0.19001967066904293,2485,1,31,2,-0.9949503030730374,3,1.4295668856903723,-0.20374543196723224,-0.0677709953046431,290,0,0,1
-0.07187756265706313,1595,1,39,0,-1.1074966254779017,3,-0.10539394502959748,-0.20374543196723224,-0.8801062783265344,46,0,0,3
-0.7078105374338071,2217,1,7,0,1.03088350021452,2,-0.9087379312007966,-0.20374543196723224,-0.3129857931962979,357,1,1,1
-0.31128519637769747,1841,1,3,0,1.6498882734412736,2,-0.9087379312007966,-0.20374543196723224,-0.3761880629537503,96,1,1,3
-0.6190213230892684,102,1,30,0,0.35560556578533414,1,1.3291488874189723,-0.20374543196723224,-0.1622480831731667,46,1,1,0
-0.7058848224828798,574,1,29,0,0.13051292097560552,0,-0.6074839363865969,-0.20374543196723224,-1.1457822983608001,93,1,1,0
0.6620949357820664,628,1,21,1,-0.09457972383412307,1,-1.1956464976905106,-0.20374543196723224,0.12532082545468698,358,3,0,2
2.0717612645695405,1794,1,35,1,-1.5014087538949268,3,-0.7796290762804253,-0.20374543196723224,-0.908293340146039,44,3,0,3
0.4048056632313933,271,1,31,2,0.7495176942023591,0,-0.1627756583275403,-0.20374543196723224,1.9605263267469997,165,3,1,0
0.06312881050972949,2304,1,29,1,-0.8261308194657411,1,0.3393143330294592,-0.20374543196723224,0.37701552627400653,58,0,0,1
-0.9229404076659656,1842,1,40,1,0.017966598570741225,0,2.0177294469942857,-0.20374543196723224,0.9759112678783587,209,2,1,3
0.54772122280378,537,1,11,1,1.3122493062266807,0,-1.4251733508822817,-0.20374543196723224,1.707709508979617,253,3,1,0
-0.06723521411464914,1519,1,18,1,-0.5447650134535803,0,-1.123919356068082,-0.20374543196723224,1.8044437286402213,64,0,0,3
-0.8319503762346531,832,1,18,2,0.4118787269877663,2,0.0667511948642309,-0.20374543196723224,-0.4163159968481599,320,2,1,2
-0.9176446915509157,2476,1,10,2,1.3122493062266807,0,-0.8083199329293967,-0.20374543196723224,0.7082515514462526,232,2,1,1
-0.5629692629104931,216,1,19,2,-0.5447650134535803,1,0.3393143330294592,-0.20374543196723224,0.9632248974172692,210,1,0,0
0.12134730000829802,1135,1,39,0,-0.8824039806681732,0,1.4582577423393437,-0.20374543196723224,1.7327340067110175,0,0,0,2
-0.9712208325070704,1953,1,22,2,1.2559761450242486,2,-1.3677916375843389,-0.20374543196723224,0.7282432901761109,43,2,1,1
0.5899150128892753,1041,1,14,2,1.3685224674291128,2,0.46842318794983046,-0.20374543196723224,-0.10301836536977647,24,3,1,2
0.9814197399661815,2316,1,40,1,0.693244532999927,1,0.2245509064335736,-0.20374543196723224,-0.09680931825716098,102,3,1,1
-0.17590055777411553,2374,1,35,1,-1.2200429478827661,3,0.109787479837688,-0.20374543196723224,-0.8330960271506717,127,0,0,1
2.0717612645695405,2248,1,3,2,-0.09457972383412307,0,-0.10539394502959748,-0.20374543196723224,1.008339157887784,30,3,0,1
-0.7330511583977464,2471,1,38,0,0.13051292097560552,0,1.0422403209292583,-0.20374543196723224,2.2674085447774917,176,1,1,1
0.11845872758190723,953,1,28,1,0.9183371778096556,0,0.5975320428702018,-0.20374543196723224,1.9356772404005835,357,0,1,2
-0.8228376179847294,2154,1,11,2,-1.1637697866803338,3,0.8270588960619729,-0.20374543196723224,-1.120633980828234,310,2,0,1
-0.7262423805355394,2203,1,13,0,0.5806982105950628,1,-0.8513562179028538,-0.20374543196723224,-0.09680931825716098,86,1,1,1
-0.4787192338074258,682,1,16,1,-0.09457972383412307,0,0.5688411862212304,-0.20374543196723224,0.6272914585383041,82,1,0,2
-0.22858261678876818,380,1,7,2,0.07423975977317337,1,-1.3677916375843389,-0.20374543196723224,0.8377128923024324,118,0,1,0
0.03145767712037245,2311,1,12,0,1.5373419510364092,2,-0.44968422481725423,-0.20374543196723224,-0.9451400493095609,125,0,1,1
2.0717612645695405,2072,1,4,2,-0.5447650134535803,1,-1.2960644959619105,-0.20374543196723224,0.00823372597749133,286,3,0,1
-0.6204999970694447,321,1,14,1,-0.9949503030730374,3,0.3536597613539449,-0.20374543196723224,-0.8804751581508401,139,1,0,0
0.8285317279693504,640,1,23,2,-1.4451355926924947,3,0.7983680394130015,-0.20374543196723224,-0.8521178441047329,59,3,0,2
0.8301135652504689,1807,1,42,1,-0.9949503030730374,1,1.9029660203984002,-0.20374543196723224,0.2060152217059676,242,3,0,3
-0.26592773172996453,1317,1,42,2,-0.15085288503655522,1,-1.3821370659088246,-0.20374543196723224,-0.23271186835314184,195,0,0,3
-0.808635470221641,1867,1,24,2,0.693244532999927,0,-1.4395187792067674,-0.20374543196723224,0.8399029550355489,338,2,1,3
-0.8184359838111814,1275,1,22,2,-0.9949503030730374,1,1.0278948926047726,-0.20374543196723224,0.5552025384680308,16,2,0,3
0.8299760141825456,1668,1,43,0,0.9746103390120878,2,0.6549137561681445,-0.20374543196723224,-0.026005028623980603,349,3,1,3
-0.41169747596176126,1600,1,30,1,-1.1637697866803338,3,1.6590937388821434,-0.20374543196723224,-0.2119333579700442,32,1,0,3
0.36532850673738454,1637,1,42,2,1.03088350021452,0,2.390710583430914,-0.20374543196723224,1.3940352589393548,189,0,1,3
1.454561025855611,608,1,37,1,-1.4451355926924947,3,1.013549464280287,-0.20374543196723224,-1.1398853803302897,301,3,0,0
-0.45925575769626825,653,1,24,2,-1.0512234642754696,3,1.4008760290414008,-0.20374543196723224,-0.8567120746438138,93,1,0,2
-0.1854259692278093,1984,1,43,2,-0.15085288503655522,1,-0.37795708319482574,-0.20374543196723224,-0.11262471827687216,239,0,0,1
-0.019092340341467857,2064,1,3,2,-0.20712604623898737,1,-0.2775390849234259,-0.20374543196723224,-0.36933670062258855,193,0,0,1
-0.8261732313818713,2281,1,29,0,-0.15085288503655522,1,0.46842318794983046,-0.20374543196723224,0.46478828782525256,147,2,0,1
-0.3472204128726792,418,1,33,2,-0.3196723686438517,0,0.9561677509823442,-0.20374543196723224,1.7846248217161567,36,1,0,0
-0.7909601579934873,753,1,2,1,-0.4884918522511481,0,-1.080883071094625,-0.20374543196723224,-1.2703604958085128,274,2,0,2
-0.36407041869329265,1868,1,43,2,-0.9386771418706054,3,-1.1382647843925677,-0.20374543196723224,-1.291892243315368,244,1,0,3
-0.6526181714295527,2211,1,29,1,-0.3759455298462838,1,0.46842318794983046,-0.20374543196723224,0.17076785164083425,259,1,0,1
1.2346512560131149,821,1,29,0,0.5806982105950628,2,0.6405683278436588,-0.20374543196723224,-0.14688410951187192,344,3,1,2
-0.6522399059927635,1104,1,30,2,-1.1074966254779017,3,0.7983680394130015,-0.20374543196723224,-1.2680182379031306,309,1,0,2
-0.7457058566466969,236,1,24,0,-0.038306562631690924,1,2.2185654435370856,-0.20374543196723224,1.0394050300843882,171,2,0,0
0.4609952744780919,1483,1,20,1,-1.5014087538949268,3,2.4767831533778284,-0.20374543196723224,-1.0751456813750313,86,3,0,3
-0.21125118223042294,1917,1,42,1,-1.0512234642754696,3,-0.7365927913069682,-0.20374543196723224,-1.1717921953431434,337,0,0,1
-0.7235945224780144,1635,1,16,1,0.4118787269877663,2,-1.3677916375843389,-0.20374543196723224,-0.9180518882254007,227,1,1,3
0.1417392458279384,435,1,7,0,1.424795628631545,0,-0.062357660056140386,-0.20374543196723224,1.0135757036454112,13,0,1,0
0.9640883054078363,1811,1,38,1,-0.26339920744141954,1,-0.7652836479559396,-0.20374543196723224,0.39496165870544203,139,3,0,3
-0.28693865735526003,1581,1,29,0,0.4118787269877663,2,0.5975320428702018,-0.20374543196723224,0.07507578197337345,351,0,1,3
-0.8330507847780401,438,1,16,1,-0.7135844970608767,0,0.6405683278436588,-0.20374543196723224,0.48278859141969777,163,2,0,0
-0.6762081795784116,2341,1,10,1,0.017966598570741225,0,0.6979500411416016,-0.20374543196723224,0.025733591208892435,284,1,1,1
2.0190706086131422,2061,1,40,2,0.46815188819019843,2,0.1384783364866594,-0.20374543196723224,-0.7137079430351492,284,3,1,1
-0.7805062768313107,794,1,27,1,-0.9949503030730374,3,0.2675871914070307,-0.20374543196723224,-1.2827295780291152,158,2,0,2
1.623680063867401,1894,1,16,1,1.087156661416952,2,-0.9517742161742537,-0.20374543196723224,0.4516272747930286,74,3,1,1
-0.40285981984768443,2140,1,40,2,-1.1637697866803338,3,-0.004975946758197594,-0.20374543196723224,-1.212438624654934,318,1,0,1
0.4440764931235169,570,1,17,0,-1.2200429478827661,3,-1.037846786121168,-0.20374543196723224,-1.2190629840172922,51,3,0,0
-0.11496543468406048,476,1,10,0,1.087156661416952,2,-0.9230833595252823,-0.20374543196723224,-0.6960687805274368,292,0,1,0
-0.6318479601731232,528,1,40,2,-0.4884918522511481,0,-1.5399367774781674,-0.20374543196723224,0.4247867533111995,145,1,0,0
-0.9826375711447105,1391,1,2,2,-0.15085288503655522,0,-1.1095739277435963,-0.20374543196723224,0.7146102141519429,59,2,0,3
1.9545935455240602,2322,1,15,1,-1.1637697866803338,3,0.5975320428702018,-0.20374543196723224,1.0803532701615197,230,3,0,1
-0.49783883224877495,2386,1,0,0,0.35560556578533414,1,-0.8083199329293967,-0.20374543196723224,0.6247815279855103,62,1,1,1
-0.09072205896256558,1072,1,17,0,-1.1074966254779017,3,-0.22015737162548307,-0.20374543196723224,-1.0860676196695114,76,0,0,2
-0.1731839241826289,960,1,11,0,0.5244250493926306,2,-1.3821370659088246,-0.20374543196723224,-0.9487179256474079,348,0,1,2
0.13778465262514125,467,1,43,0,-1.2763161090851982,3,-0.2775390849234259,-0.20374543196723224,-0.15713277763751396,215,0,0,0
-0.1214647226434399,2020,1,28,2,0.299332404582902,1,-0.33492079822136867,-0.20374543196723224,0.41952699134085353,168,0,1,1
-0.6767239960831242,607,1,42,2,1.5936151122388413,2,0.46842318794983046,-0.20374543196723224,-0.5343420631508612,96,1,1,0
0.3573505447978288,623,1,19,2,-0.7135844970608767,1,-1.3391007809353674,-0.20374543196723224,1.0140142321078727,94,0,0,2
0.3944205576031785,2422,1,13,0,-1.0512234642754696,3,0.009369481566288104,-0.20374543196723224,-1.112513465535125,287,3,0,1
-0.3168560146285942,1140,1,19,2,0.4118787269877663,1,-0.39230251151931145,-0.20374543196723224,1.0550785532485971,211,1,1,2
0.42911781448684977,1304,1,38,2,0.46815188819019843,1,0.3536597613539449,-0.20374543196723224,0.7554217365319542,274,3,1,3
-0.35554225248204346,1314,1,22,0,-1.5014087538949268,3,2.3763651551064284,-0.20374543196723224,-1.0389541853260105,272,1,0,3
0.27602347588813336,531,1,6,0,-0.6010381746560124,1,-0.793974504604911,-0.20374543196723224,-0.3344504716441883,211,0,0,0
-0.8344950709912355,909,1,4,1,-0.9386771418706054,1,-1.4682096358557388,-0.20374543196723224,-1.0752952969681064,36,2,0,2
-0.958291032122273,696,1,21,0,0.693244532999927,2,-0.7652836479559396,-0.20374543196723224,0.352096791289435,18,2,1,2
0.384620044013638,933,1,13,2,0.1867860821780377,1,0.5688411862212304,-0.20374543196723224,-0.6735077809233929,45,0,1,2
-0.46310718759812275,2283,1,3,1,1.087156661416952,0,1.4582577423393437,-0.20374543196723224,1.152901355327782,311,1,1,1
-0.45206871439727186,619,1,4,0,0.24305924338046983,0,-1.3104099242863962,-0.20374543196723224,0.5771186432743373,229,1,1,0
-0.100728899153991,187,1,0,0,-1.3325892702876303,3,0.5688411862212304,-0.20374543196723224,-1.1085847664273092,189,0,0,0
1.9261548622309026,534,1,27,1,-0.4884918522511481,1,0.43973233130085904,-0.20374543196723224,0.8951884962559774,209,3,0,0
0.4715523189412109,488,1,43,2,1.1434298226193842,0,-1.1813010693660249,-0.20374543196723224,1.0069900379709176,81,3,1,0
-0.0878678743031554,620,1,21,0,0.017966598570741225,0,-0.46402965314173994,-0.20374543196723224,0.4523598752832583,29,0,1,2
0.03750992410900092,127,1,11,2,1.7061614346437057,2,0.6118774711946875,-0.20374543196723224,-0.7884641479888642,339,0,1,0
0.17674599261443738,855,1,12,0,-1.3325892702876303,3,0.8844406093599158,-0.20374543196723224,-0.8310272046395301,282,0,0,2
-0.8723216146701637,1855,1,10,1,0.017966598570741225,3,-0.24884822827445446,-0.20374543196723224,0.47348146969875216,61,2,1,3
0.8975479762999036,982,1,31,1,-1.0512234642754696,3,-0.24884822827445446,-0.20374543196723224,-0.9853789051091814,289,3,0,2
0.09913280253867301,1802,1,9,0,1.3685224674291128,0,-0.44968422481725423,-0.20374543196723224,2.235901564539235,265,0,1,3
-0.20956618164836158,1620,1,22,2,0.46815188819019843,1,0.7122954694660873,-0.20374543196723224,-0.2550303875132366,150,0,1,3
1.0549063980042446,736,1,0,2,-0.038306562631690924,0,-1.3391007809353674,-0.20374543196723224,1.3950541927197797,105,3,0,2
-0.09120348770029735,2079,1,40,0,-0.7698576582633089,1,-1.1095739277435963,-0.20374543196723224,0.07882391053782316,264,0,0,1
-0.5962566213479499,2482,1,34,2,0.8057908554047913,0,-1.1382647843925677,-0.20374543196723224,2.175361420506843,269,1,1,1
0.9640539176408556,175,1,41,0,-0.3196723686438517,1,-0.7222473629824825,-0.20374543196723224,0.04036496437995778,266,3,0,0
-0.7033401277262973,692,1,30,1,0.8620640166072234,1,-0.37795708319482574,-0.20374543196723224,0.47156742193906764,163,1,1,2
1.9237821063092244,767,1,7,1,-0.6573113358584446,0,-0.14843023000305458,-0.20374543196723224,1.9556792974472057,305,3,0,2
-0.15554299972145608,564,1,40,1,0.1867860821780377,0,0.8270588960619729,-0.20374543196723224,-1.2522957027342938,318,0,1,0
-0.9220807134914446,1531,1,36,1,0.6369713717974949,2,0.38235061800291625,-0.20374543196723224,-0.44536205853825084,136,2,1,3
-0.3810235878148487,376,1,10,2,-1.2200429478827661,3,-1.4395187792067674,-0.20374543196723224,-0.8596424766047325,358,1,0,0
-0.18463505058724983,298,1,17,2,-1.1637697866803338,3,-0.37795708319482574,-0.20374543196723224,-1.2841535057425195,86,0,0,0
-0.22232404319825463,2461,1,29,0,-0.43221869104871596,1,-0.980465072823225,-0.20374543196723224,0.4076944615919684,174,0,0,1
-0.33752306258408127,865,1,40,1,-0.9949503030730374,3,-0.5070659381151971,-0.20374543196723224,-1.0094747543318403,15,1,0,2
